HEADER-DHCPOPTION,STATUS,OBJECTTYPE,OBJECT,OPTIONSPACE,OPTIONCODE,OPTIONVALUE
HEADER-DHCPNETWORK,STATUS,OBJECT
DHCPNETWORK,INCOMPATIBLE,142.59.147.228/32
DHCPNETWORK,INCOMPATIBLE,110.142.171.224/32
DHCPNETWORK,INCOMPATIBLE,59.167.186.217/32
DHCPNETWORK,INCOMPATIBLE,202.7.64.233/32
DHCPNETWORK,INCOMPATIBLE,210.23.148.202/32
DHCPNETWORK,INCOMPATIBLE,218.106.88.66/32
DHCPNETWORK,INCOMPATIBLE,58.71.154.124/32
DHCPNETWORK,INCOMPATIBLE,202.149.101.35/32
DHCPNETWORK,INCOMPATIBLE,203.36.118.98/32
DHCPNETWORK,INCOMPATIBLE,203.39.111.218/32
DHCPNETWORK,INCOMPATIBLE,200.138.198.18/32
DHCPNETWORK,INCOMPATIBLE,189.115.178.226/32
DHCPNETWORK,INCOMPATIBLE,208.85.113.250/32
DHCPNETWORK,INCOMPATIBLE,58.246.167.38/32
DHCPNETWORK,INCOMPATIBLE,58.211.252.115/32
DHCPNETWORK,INCOMPATIBLE,116.228.36.90/32
DHCPNETWORK,INCOMPATIBLE,222.66.165.58/32
DHCPNETWORK,INCOMPATIBLE,217.6.141.85/32
DHCPNETWORK,INCOMPATIBLE,223.202.255.52/32
DHCPNETWORK,INCOMPATIBLE,118.97.58.202/32
DHCPNETWORK,INCOMPATIBLE,202.162.214.202/32
DHCPNETWORK,INCOMPATIBLE,201.134.135.194/32
DHCPNETWORK,INCOMPATIBLE,212.156.155.86/32
DHCPNETWORK,INCOMPATIBLE,87.243.204.153/32
DHCPNETWORK,INCOMPATIBLE,74.95.151.1/32
DHCPNETWORK,INCOMPATIBLE,79.106.5.28/32
DHCPNETWORK,INCOMPATIBLE,81.52.167.46/32
DHCPNETWORK,INCOMPATIBLE,41.210.120.3/32
DHCPNETWORK,INCOMPATIBLE,81.244.248.172/32
DHCPNETWORK,INCOMPATIBLE,82.127.103.186/32
DHCPNETWORK,INCOMPATIBLE,194.2.64.213/32
DHCPNETWORK,INCOMPATIBLE,217.128.69.119/32
DHCPNETWORK,INCOMPATIBLE,193.251.0.6/32
DHCPNETWORK,INCOMPATIBLE,217.128.177.98/32
DHCPNETWORK,INCOMPATIBLE,81.48.162.32/32
DHCPNETWORK,INCOMPATIBLE,193.251.40.2/32
DHCPNETWORK,INCOMPATIBLE,82.127.51.189/32
DHCPNETWORK,INCOMPATIBLE,80.13.218.225/32
DHCPNETWORK,INCOMPATIBLE,193.252.186.236/32
DHCPNETWORK,INCOMPATIBLE,195.68.88.226/32
DHCPNETWORK,INCOMPATIBLE,193.251.78.199/32
DHCPNETWORK,INCOMPATIBLE,81.255.240.99/32
DHCPNETWORK,INCOMPATIBLE,80.13.164.64/32
DHCPNETWORK,INCOMPATIBLE,80.147.106.141/32
DHCPNETWORK,INCOMPATIBLE,62.154.193.178/32
DHCPNETWORK,INCOMPATIBLE,213.61.168.162/32
DHCPNETWORK,INCOMPATIBLE,185.48.125.44/32
DHCPNETWORK,INCOMPATIBLE,185.48.125.45/32
DHCPNETWORK,INCOMPATIBLE,178.152.55.132/32
DHCPNETWORK,INCOMPATIBLE,212.19.23.92/32
DHCPNETWORK,INCOMPATIBLE,91.144.159.185/32
DHCPNETWORK,INCOMPATIBLE,195.190.113.58/32
DHCPNETWORK,INCOMPATIBLE,77.105.45.33/32
DHCPNETWORK,INCOMPATIBLE,212.30.65.38/32
DHCPNETWORK,INCOMPATIBLE,88.87.133.94/32
DHCPNETWORK,INCOMPATIBLE,217.72.55.6/32
DHCPNETWORK,INCOMPATIBLE,217.174.229.226/32
DHCPNETWORK,INCOMPATIBLE,195.58.73.208/32
DHCPNETWORK,INCOMPATIBLE,78.111.216.33/32
DHCPNETWORK,INCOMPATIBLE,91.193.78.24/32
DHCPNETWORK,INCOMPATIBLE,194.0.150.78/32
DHCPNETWORK,INCOMPATIBLE,77.91.158.18/32
DHCPNETWORK,INCOMPATIBLE,194.44.246.178/32
DHCPNETWORK,INCOMPATIBLE,85.159.6.37/32
DHCPNETWORK,INCOMPATIBLE,212.86.245.53/32
DHCPNETWORK,INCOMPATIBLE,82.207.122.79/32
DHCPNETWORK,INCOMPATIBLE,185.15.207.191/32
DHCPNETWORK,INCOMPATIBLE,41.221.28.174/32
DHCPNETWORK,INCOMPATIBLE,58.96.16.106/32
DHCPNETWORK,INCOMPATIBLE,203.217.21.234/32
DHCPNETWORK,INCOMPATIBLE,88.117.158.74/32
DHCPNETWORK,INCOMPATIBLE,80.122.46.98/32
DHCPNETWORK,INCOMPATIBLE,82.143.68.190/32
DHCPNETWORK,INCOMPATIBLE,84.199.48.106/32
DHCPNETWORK,INCOMPATIBLE,200.182.55.140/32
DHCPNETWORK,INCOMPATIBLE,187.115.158.59/32
DHCPNETWORK,INCOMPATIBLE,189.39.36.117/32
DHCPNETWORK,INCOMPATIBLE,72.38.192.222/32
DHCPNETWORK,INCOMPATIBLE,142.179.154.46/32
DHCPNETWORK,INCOMPATIBLE,207.107.15.122/32
DHCPNETWORK,INCOMPATIBLE,70.52.196.156/32
DHCPNETWORK,INCOMPATIBLE,164.77.211.86/32
DHCPNETWORK,INCOMPATIBLE,190.151.126.219/32
DHCPNETWORK,INCOMPATIBLE,1.202.253.246/32
DHCPNETWORK,INCOMPATIBLE,219.142.3.26/32
DHCPNETWORK,INCOMPATIBLE,1.202.253.162/32
DHCPNETWORK,INCOMPATIBLE,222.178.91.97/32
DHCPNETWORK,INCOMPATIBLE,58.58.37.210/32
DHCPNETWORK,INCOMPATIBLE,101.231.99.170/32
DHCPNETWORK,INCOMPATIBLE,212.47.16.198/32
DHCPNETWORK,INCOMPATIBLE,193.85.28.171/32
DHCPNETWORK,INCOMPATIBLE,90.183.132.10/32
DHCPNETWORK,INCOMPATIBLE,63.123.152.90/32
DHCPNETWORK,INCOMPATIBLE,195.215.168.150/32
DHCPNETWORK,INCOMPATIBLE,172.128.0.50/32
DHCPNETWORK,INCOMPATIBLE,212.157.119.82/32
DHCPNETWORK,INCOMPATIBLE,212.157.114.178/32
DHCPNETWORK,INCOMPATIBLE,217.89.118.150/32
DHCPNETWORK,INCOMPATIBLE,217.91.54.14/32
DHCPNETWORK,INCOMPATIBLE,212.60.227.250/32
DHCPNETWORK,INCOMPATIBLE,217.91.118.129/32
DHCPNETWORK,INCOMPATIBLE,92.198.4.30/32
DHCPNETWORK,INCOMPATIBLE,62.157.210.226/32
DHCPNETWORK,INCOMPATIBLE,212.18.21.238/32
DHCPNETWORK,INCOMPATIBLE,193.155.33.66/32
DHCPNETWORK,INCOMPATIBLE,62.157.239.250/32
DHCPNETWORK,INCOMPATIBLE,212.202.120.186/32
DHCPNETWORK,INCOMPATIBLE,176.94.68.194/32
DHCPNETWORK,INCOMPATIBLE,212.202.146.136/32
DHCPNETWORK,INCOMPATIBLE,14.140.251.250/32
DHCPNETWORK,INCOMPATIBLE,220.227.90.130/32
DHCPNETWORK,INCOMPATIBLE,115.112.151.66/32
DHCPNETWORK,INCOMPATIBLE,220.225.52.178/32
DHCPNETWORK,INCOMPATIBLE,115.112.117.34/32
DHCPNETWORK,INCOMPATIBLE,115.111.32.98/32
DHCPNETWORK,INCOMPATIBLE,81.208.55.182/32
DHCPNETWORK,INCOMPATIBLE,109.168.72.78/32
DHCPNETWORK,INCOMPATIBLE,195.43.186.42/32
DHCPNETWORK,INCOMPATIBLE,194.243.25.4/32
DHCPNETWORK,INCOMPATIBLE,194.243.25.20/32
DHCPNETWORK,INCOMPATIBLE,202.232.134.69/32
DHCPNETWORK,INCOMPATIBLE,219.166.178.251/32
DHCPNETWORK,INCOMPATIBLE,88.204.167.210/32
DHCPNETWORK,INCOMPATIBLE,212.154.187.242/32
DHCPNETWORK,INCOMPATIBLE,112.216.79.116/32
DHCPNETWORK,INCOMPATIBLE,83.96.53.226/32
DHCPNETWORK,INCOMPATIBLE,201.122.194.9/32
DHCPNETWORK,INCOMPATIBLE,201.144.132.98/32
DHCPNETWORK,INCOMPATIBLE,201.144.166.34/32
DHCPNETWORK,INCOMPATIBLE,201.144.139.146/32
DHCPNETWORK,INCOMPATIBLE,201.101.31.32/32
DHCPNETWORK,INCOMPATIBLE,189.254.154.211/32
DHCPNETWORK,INCOMPATIBLE,150.175.255.177/32
DHCPNETWORK,INCOMPATIBLE,80.101.144.123/32
DHCPNETWORK,INCOMPATIBLE,92.65.190.218/32
DHCPNETWORK,INCOMPATIBLE,62.173.37.74/32
DHCPNETWORK,INCOMPATIBLE,83.229.126.90/32
DHCPNETWORK,INCOMPATIBLE,213.145.169.203/32
DHCPNETWORK,INCOMPATIBLE,87.204.202.4/32
DHCPNETWORK,INCOMPATIBLE,87.204.202.5/32
DHCPNETWORK,INCOMPATIBLE,66.231.165.250/32
DHCPNETWORK,INCOMPATIBLE,84.47.147.142/32
DHCPNETWORK,INCOMPATIBLE,213.33.216.54/32
DHCPNETWORK,INCOMPATIBLE,88.85.231.170/32
DHCPNETWORK,INCOMPATIBLE,212.12.163.196/32
DHCPNETWORK,INCOMPATIBLE,84.235.42.65/32
DHCPNETWORK,INCOMPATIBLE,37.216.212.10/32
DHCPNETWORK,INCOMPATIBLE,203.116.12.50/32
DHCPNETWORK,INCOMPATIBLE,195.168.22.54/32
DHCPNETWORK,INCOMPATIBLE,195.168.175.82/32
DHCPNETWORK,INCOMPATIBLE,195.168.172.202/32
DHCPNETWORK,INCOMPATIBLE,63.123.152.89/32
DHCPNETWORK,INCOMPATIBLE,213.229.171.161/32
DHCPNETWORK,INCOMPATIBLE,217.111.172.18/32
DHCPNETWORK,INCOMPATIBLE,212.214.78.22/32
DHCPNETWORK,INCOMPATIBLE,217.78.21.23/32
DHCPNETWORK,INCOMPATIBLE,62.181.210.188/32
DHCPNETWORK,INCOMPATIBLE,193.135.144.210/32
DHCPNETWORK,INCOMPATIBLE,203.121.141.66/32
DHCPNETWORK,INCOMPATIBLE,203.151.143.130/32
DHCPNETWORK,INCOMPATIBLE,89.104.229.193/32
DHCPNETWORK,INCOMPATIBLE,79.187.225.97/32
DHCPNETWORK,INCOMPATIBLE,87.204.202.1/32
DHCPNETWORK,INCOMPATIBLE,46.34.5.186/32
DHCPNETWORK,INCOMPATIBLE,94.185.217.170/32
DHCPNETWORK,INCOMPATIBLE,71.41.177.194/32
DHCPNETWORK,INCOMPATIBLE,97.64.231.50/32
DHCPNETWORK,INCOMPATIBLE,70.251.28.236/32
DHCPNETWORK,INCOMPATIBLE,74.218.126.242/32
DHCPNETWORK,INCOMPATIBLE,71.142.163.193/32
DHCPNETWORK,INCOMPATIBLE,70.89.176.57/32
DHCPNETWORK,INCOMPATIBLE,65.204.87.49/32
DHCPNETWORK,INCOMPATIBLE,146.82.228.34/32
DHCPNETWORK,INCOMPATIBLE,200.211.143.234/32
DHCPNETWORK,INCOMPATIBLE,164.77.71.106/32
DHCPNETWORK,INCOMPATIBLE,201.201.187.38/32
DHCPNETWORK,INCOMPATIBLE,186.3.128.234/32
DHCPNETWORK,INCOMPATIBLE,186.42.96.146/32
DHCPNETWORK,INCOMPATIBLE,200.30.176.230/32
DHCPNETWORK,INCOMPATIBLE,190.92.61.232/32
DHCPNETWORK,INCOMPATIBLE,190.6.193.9/32
DHCPNETWORK,INCOMPATIBLE,200.75.221.250/32
DHCPNETWORK,INCOMPATIBLE,200.40.82.222/32
DHCPNETWORK,INCOMPATIBLE,71.167.12.39/32
DHCPNETWORK,INCOMPATIBLE,18.54.1.18/32
DHCPNETWORK,INCOMPATIBLE,208.49.212.2/32
DHCPNETWORK,INCOMPATIBLE,99.147.90.206/32
DHCPNETWORK,INCOMPATIBLE,65.15.17.76/32
DHCPNETWORK,INCOMPATIBLE,208.49.90.194/32
DHCPNETWORK,INCOMPATIBLE,200.80.200.218/32
DHCPNETWORK,INCOMPATIBLE,202.125.86.197/32
DHCPNETWORK,INCOMPATIBLE,203.161.88.90/32
DHCPNETWORK,INCOMPATIBLE,201.166.134.200/32
DHCPNETWORK,INCOMPATIBLE,177.17.37.114/32
DHCPNETWORK,INCOMPATIBLE,201.54.240.98/32
DHCPNETWORK,INCOMPATIBLE,201.48.132.65/32
DHCPNETWORK,INCOMPATIBLE,177.40.198.11/32
DHCPNETWORK,INCOMPATIBLE,209.115.153.68/32
DHCPNETWORK,INCOMPATIBLE,80.59.121.40/32
DHCPNETWORK,INCOMPATIBLE,217.15.32.140/32
DHCPNETWORK,INCOMPATIBLE,186.169.38.253/32
DHCPNETWORK,INCOMPATIBLE,201.166.134.194/32
DHCPNETWORK,INCOMPATIBLE,201.166.134.206/32
DHCPNETWORK,INCOMPATIBLE,186.220.71.236/32
DHCPNETWORK,INCOMPATIBLE,87.103.6.208/32
DHCPNETWORK,INCOMPATIBLE,46.153.40.6/32
DHCPNETWORK,INCOMPATIBLE,212.118.101.245/32
DHCPNETWORK,INCOMPATIBLE,88.12.51.187/32
DHCPNETWORK,INCOMPATIBLE,217.15.32.20/32
DHCPNETWORK,INCOMPATIBLE,83.226.149.116/32
DHCPNETWORK,INCOMPATIBLE,93.158.115.32/32
DHCPNETWORK,INCOMPATIBLE,88.247.33.52/32
DHCPNETWORK,INCOMPATIBLE,88.231.9.75/32
DHCPNETWORK,INCOMPATIBLE,88.249.11.208/32
DHCPNETWORK,INCOMPATIBLE,200.40.208.230/32
DHCPNETWORK,INCOMPATIBLE,200.40.228.230/32
DHCPNETWORK,INCOMPATIBLE,67.78.36.107/32
DHCPNETWORK,INCOMPATIBLE,69.40.0.231/32
DHCPNETWORK,INCOMPATIBLE,209.163.133.19/32
DHCPNETWORK,INCOMPATIBLE,24.181.108.43/32
DHCPNETWORK,INCOMPATIBLE,66.112.157.40/32
DHCPNETWORK,INCOMPATIBLE,70.91.171.225/32
DHCPNETWORK,INCOMPATIBLE,75.70.64.40/32
DHCPNETWORK,INCOMPATIBLE,12.185.12.3/32
DHCPNETWORK,INCOMPATIBLE,99.160.192.161/32
DHCPNETWORK,INCOMPATIBLE,173.23.102.88/32
DHCPNETWORK,INCOMPATIBLE,68.164.5.49/32
DHCPNETWORK,INCOMPATIBLE,12.49.142.226/32
DHCPNETWORK,INCOMPATIBLE,24.20.120.193/32
DHCPNETWORK,INCOMPATIBLE,66.112.157.41/32
DHCPNETWORK,INCOMPATIBLE,76.255.123.176/32
DHCPNETWORK,INCOMPATIBLE,66.112.151.6/32
DHCPNETWORK,INCOMPATIBLE,66.112.152.41/32
DHCPNETWORK,INCOMPATIBLE,207.145.139.66/32
DHCPNETWORK,INCOMPATIBLE,50.77.138.186/32
DHCPNETWORK,INCOMPATIBLE,173.170.245.241/32
DHCPNETWORK,INCOMPATIBLE,74.94.149.250/32
DHCPNETWORK,INCOMPATIBLE,94.20.230.57/32
DHCPNETWORK,INCOMPATIBLE,217.16.85.72/32
DHCPNETWORK,INCOMPATIBLE,92.36.224.3/32
DHCPNETWORK,INCOMPATIBLE,112.216.78.98/32
DHCPNETWORK,INCOMPATIBLE,31.15.180.220/32
DHCPNETWORK,INCOMPATIBLE,2a03:9d60::/32
DHCPNETWORK,INCOMPATIBLE,186.67.64.112/32
DHCPNETWORK,INCOMPATIBLE,186.67.64.113/32
DHCPNETWORK,INCOMPATIBLE,186.67.64.114/32
DHCPNETWORK,INCOMPATIBLE,186.67.64.115/32
DHCPNETWORK,INCOMPATIBLE,186.67.64.116/32
DHCPNETWORK,INCOMPATIBLE,186.67.64.117/32
DHCPNETWORK,INCOMPATIBLE,212.98.187.254/32
DHCPNETWORK,INCOMPATIBLE,203.73.131.65/32
DHCPNETWORK,INCOMPATIBLE,222.72.138.240/32
DHCPNETWORK,INCOMPATIBLE,222.72.138.241/32
DHCPNETWORK,INCOMPATIBLE,222.72.138.242/32
DHCPNETWORK,INCOMPATIBLE,222.72.138.243/32
DHCPNETWORK,INCOMPATIBLE,222.72.138.244/32
DHCPNETWORK,INCOMPATIBLE,185.90.73.18/32
DHCPNETWORK,INCOMPATIBLE,95.80.75.187/32
DHCPNETWORK,INCOMPATIBLE,85.249.1.10/32
DHCPNETWORK,INCOMPATIBLE,217.29.118.106/32
DHCPNETWORK,INCOMPATIBLE,81.95.229.22/32
DHCPNETWORK,INCOMPATIBLE,92.207.80.46/32
DHCPNETWORK,INCOMPATIBLE,125.23.195.55/32
DHCPNETWORK,INCOMPATIBLE,190.6.195.225/32
DHCPNETWORK,INCOMPATIBLE,81.80.224.46/32
DHCPNETWORK,INCOMPATIBLE,80.78.71.70/32
DHCPNETWORK,INCOMPATIBLE,5.178.87.182/32
DHCPNETWORK,INCOMPATIBLE,5.188.154.7/32
DHCPNETWORK,INCOMPATIBLE,5.188.154.8/32
DHCPNETWORK,INCOMPATIBLE,5.188.154.9/32
DHCPNETWORK,INCOMPATIBLE,5.188.154.10/32
DHCPNETWORK,INCOMPATIBLE,5.188.154.11/32
DHCPNETWORK,INCOMPATIBLE,2.229.19.253/32
DHCPNETWORK,INCOMPATIBLE,83.103.103.36/32
DHCPNETWORK,INCOMPATIBLE,212.116.113.251/32
DHCPNETWORK,INCOMPATIBLE,160.153.162.11/32
DHCPNETWORK,INCOMPATIBLE,10.136.32.116/32
DHCPNETWORK,INCOMPATIBLE,10.136.91.254/32
DHCPNETWORK,INCOMPATIBLE,10.132.223.251/32
DHCPNETWORK,INCOMPATIBLE,139.160.5.80/32
DHCPNETWORK,INCOMPATIBLE,193.253.53.27/32
DHCPNETWORK,INCOMPATIBLE,193.253.57.102/32
DHCPNETWORK,INCOMPATIBLE,88.46.34.133/32
DHCPNETWORK,INCOMPATIBLE,139.160.5.81/32
DHCPNETWORK,INCOMPATIBLE,10.138.234.14/32
DHCPNETWORK,INCOMPATIBLE,10.138.236.200/32
DHCPNETWORK,INCOMPATIBLE,159.215.64.21/32
DHCPNETWORK,INCOMPATIBLE,10.133.160.32/32
DHCPNETWORK,INCOMPATIBLE,10.133.160.33/32
DHCPNETWORK,INCOMPATIBLE,10.133.160.34/32
DHCPNETWORK,INCOMPATIBLE,10.133.160.35/32
DHCPNETWORK,INCOMPATIBLE,10.133.160.36/32
DHCPNETWORK,INCOMPATIBLE,10.133.160.37/32
DHCPNETWORK,INCOMPATIBLE,10.133.160.38/32
DHCPNETWORK,INCOMPATIBLE,10.133.160.39/32
DHCPNETWORK,INCOMPATIBLE,10.133.212.255/32
DHCPNETWORK,INCOMPATIBLE,10.136.32.113/32
DHCPNETWORK,INCOMPATIBLE,10.136.32.122/32
DHCPNETWORK,INCOMPATIBLE,10.130.36.255/32
DHCPNETWORK,INCOMPATIBLE,10.130.36.254/32
DHCPNETWORK,INCOMPATIBLE,10.130.29.255/32
DHCPNETWORK,INCOMPATIBLE,10.130.29.254/32
DHCPNETWORK,INCOMPATIBLE,10.128.32.254/32
DHCPNETWORK,INCOMPATIBLE,10.128.32.253/32
DHCPNETWORK,INCOMPATIBLE,10.128.32.252/32
DHCPNETWORK,INCOMPATIBLE,10.128.32.255/32
DHCPNETWORK,INCOMPATIBLE,10.128.176.254/32
DHCPNETWORK,INCOMPATIBLE,10.128.192.89/32
DHCPNETWORK,INCOMPATIBLE,10.128.120.144/32
DHCPNETWORK,INCOMPATIBLE,10.128.120.145/32
DHCPNETWORK,INCOMPATIBLE,10.128.92.255/32
DHCPNETWORK,INCOMPATIBLE,10.136.32.120/32
DHCPNETWORK,INCOMPATIBLE,10.136.194.255/32
DHCPNETWORK,INCOMPATIBLE,10.136.32.119/32
DHCPNETWORK,INCOMPATIBLE,10.136.131.126/32
DHCPNETWORK,INCOMPATIBLE,10.136.132.126/32
DHCPNETWORK,INCOMPATIBLE,10.136.136.126/32
DHCPNETWORK,INCOMPATIBLE,10.136.140.126/32
DHCPNETWORK,INCOMPATIBLE,10.136.140.94/32
DHCPNETWORK,INCOMPATIBLE,10.202.186.254/32
DHCPNETWORK,INCOMPATIBLE,10.139.64.254/32
DHCPNETWORK,INCOMPATIBLE,10.194.252.39/32
DHCPNETWORK,INCOMPATIBLE,10.141.56.144/32
DHCPNETWORK,INCOMPATIBLE,10.141.56.145/32
DHCPNETWORK,INCOMPATIBLE,10.141.56.146/32
DHCPNETWORK,INCOMPATIBLE,10.141.56.147/32
DHCPNETWORK,INCOMPATIBLE,10.141.112.255/32
DHCPNETWORK,INCOMPATIBLE,10.141.112.254/32
DHCPNETWORK,INCOMPATIBLE,10.141.160.254/32
DHCPNETWORK,INCOMPATIBLE,10.141.212.254/32
DHCPNETWORK,INCOMPATIBLE,10.141.70.126/32
DHCPNETWORK,INCOMPATIBLE,10.141.82.56/32
DHCPNETWORK,INCOMPATIBLE,10.141.85.14/32
DHCPNETWORK,INCOMPATIBLE,10.141.68.126/32
DHCPNETWORK,INCOMPATIBLE,10.141.176.255/32
DHCPNETWORK,INCOMPATIBLE,10.141.176.254/32
DHCPNETWORK,INCOMPATIBLE,10.192.81.254/32
DHCPNETWORK,INCOMPATIBLE,10.196.80.254/32
DHCPNETWORK,INCOMPATIBLE,10.205.172.254/32
DHCPNETWORK,INCOMPATIBLE,10.192.37.254/32
DHCPNETWORK,INCOMPATIBLE,10.196.191.255/32
DHCPNETWORK,INCOMPATIBLE,10.195.72.250/32
DHCPNETWORK,INCOMPATIBLE,10.207.130.254/32
DHCPNETWORK,INCOMPATIBLE,217.167.139.153/32
DHCPNETWORK,INCOMPATIBLE,194.2.112.158/32
DHCPNETWORK,INCOMPATIBLE,10.201.27.254/32
DHCPNETWORK,INCOMPATIBLE,10.205.224.254/32
DHCPNETWORK,INCOMPATIBLE,10.202.219.254/32
DHCPNETWORK,INCOMPATIBLE,10.197.15.254/32
DHCPNETWORK,INCOMPATIBLE,10.202.228.254/32
DHCPNETWORK,INCOMPATIBLE,10.194.73.48/32
DHCPNETWORK,INCOMPATIBLE,10.194.216.255/32
DHCPNETWORK,INCOMPATIBLE,10.141.200.144/32
DHCPNETWORK,INCOMPATIBLE,10.141.164.254/32
DHCPNETWORK,INCOMPATIBLE,10.141.88.254/32
DHCPNETWORK,INCOMPATIBLE,10.141.96.160/32
DHCPNETWORK,INCOMPATIBLE,10.141.128.126/32
DHCPNETWORK,INCOMPATIBLE,10.141.128.127/32
DHCPNETWORK,INCOMPATIBLE,10.141.247.255/32
DHCPNETWORK,INCOMPATIBLE,10.196.64.254/32
DHCPNETWORK,INCOMPATIBLE,10.195.254.251/32
DHCPNETWORK,INCOMPATIBLE,10.195.254.252/32
DHCPNETWORK,INCOMPATIBLE,10.195.254.253/32
DHCPNETWORK,INCOMPATIBLE,10.195.254.254/32
DHCPNETWORK,INCOMPATIBLE,10.195.254.250/32
DHCPNETWORK,INCOMPATIBLE,10.195.120.254/32
DHCPNETWORK,INCOMPATIBLE,10.192.154.144/32
DHCPNETWORK,INCOMPATIBLE,10.196.46.82/32
DHCPNETWORK,INCOMPATIBLE,10.141.173.14/32
DHCPNETWORK,INCOMPATIBLE,10.141.248.97/32
DHCPNETWORK,INCOMPATIBLE,10.197.52.255/32
DHCPNETWORK,INCOMPATIBLE,10.196.3.255/32
DHCPNETWORK,INCOMPATIBLE,10.197.43.254/32
DHCPNETWORK,INCOMPATIBLE,10.146.12.254/32
DHCPNETWORK,INCOMPATIBLE,10.146.12.252/32
DHCPNETWORK,INCOMPATIBLE,10.201.80.126/32
DHCPNETWORK,INCOMPATIBLE,10.201.80.127/32
DHCPNETWORK,INCOMPATIBLE,139.160.5.82/32
DHCPNETWORK,INCOMPATIBLE,10.201.38.254/32
DHCPNETWORK,INCOMPATIBLE,10.198.239.253/32
DHCPNETWORK,INCOMPATIBLE,10.198.239.254/32
DHCPNETWORK,INCOMPATIBLE,10.141.16.254/32
DHCPNETWORK,INCOMPATIBLE,10.192.136.255/32
DHCPNETWORK,INCOMPATIBLE,10.193.90.254/32
DHCPNETWORK,INCOMPATIBLE,10.146.12.253/32
DHCPNETWORK,INCOMPATIBLE,58.163.155.228/32
DHCPNETWORK,INCOMPATIBLE,10.202.80.254/32
DHCPNETWORK,INCOMPATIBLE,10.202.226.255/32
DHCPNETWORK,INCOMPATIBLE,10.202.230.254/32
DHCPNETWORK,INCOMPATIBLE,10.202.240.254/32
DHCPNETWORK,INCOMPATIBLE,10.202.208.254/32
DHCPNETWORK,INCOMPATIBLE,10.202.181.254/32
DHCPNETWORK,INCOMPATIBLE,10.194.118.31/32
DHCPNETWORK,INCOMPATIBLE,10.202.24.254/32
DHCPNETWORK,INCOMPATIBLE,10.202.90.254/32
DHCPNETWORK,INCOMPATIBLE,88.194.145.4/32
DHCPNETWORK,INCOMPATIBLE,165.90.17.82/32
DHCPNETWORK,INCOMPATIBLE,10.128.108.144/32
DHCPNETWORK,INCOMPATIBLE,10.128.108.145/32
DHCPNETWORK,INCOMPATIBLE,10.150.81.8/32
DHCPNETWORK,INCOMPATIBLE,172.30.181.18/32
DHCPNETWORK,INCOMPATIBLE,10.194.118.231/32
DHCPNETWORK,INCOMPATIBLE,159.215.36.127/32
DHCPNETWORK,INCOMPATIBLE,80.50.99.22/32
DHCPNETWORK,INCOMPATIBLE,10.199.55.254/32
DHCPNETWORK,INCOMPATIBLE,10.199.4.31/32
DHCPNETWORK,INCOMPATIBLE,35.168.182.189/32
DHCPNETWORK,INCOMPATIBLE,52.20.194.3/32
DHCPNETWORK,INCOMPATIBLE,52.202.197.114/32
DHCPNETWORK,INCOMPATIBLE,10.141.192.254/32
DHCPNETWORK,INCOMPATIBLE,34.242.195.142/32
DHCPNETWORK,INCOMPATIBLE,52.209.52.203/32
DHCPNETWORK,INCOMPATIBLE,54.229.179.197/32
DHCPNETWORK,INCOMPATIBLE,13.229.244.93/32
DHCPNETWORK,INCOMPATIBLE,13.210.128.247/32
DHCPNETWORK,INCOMPATIBLE,13.230.156.76/32
DHCPNETWORK,INCOMPATIBLE,52.80.160.120/32
DHCPNETWORK,INCOMPATIBLE,52.66.186.5/32
DHCPNETWORK,INCOMPATIBLE,10.128.64.254/32
DHCPNETWORK,INCOMPATIBLE,185.26.112.217/32
DHCPNETWORK,INCOMPATIBLE,10.136.32.114/32
DHCPNETWORK,INCOMPATIBLE,10.136.32.126/32
DHCPNETWORK,INCOMPATIBLE,10.136.32.123/32
DHCPNETWORK,INCOMPATIBLE,10.136.32.115/32
DHCPNETWORK,INCOMPATIBLE,10.208.32.253/32
DHCPNETWORK,INCOMPATIBLE,10.208.32.254/32
DHCPNETWORK,INCOMPATIBLE,203.173.160.75/32
DHCPNETWORK,INCOMPATIBLE,10.208.32.252/32
DHCPNETWORK,INCOMPATIBLE,87.30.115.26/32
DHCPNETWORK,INCOMPATIBLE,82.88.59.43/32
DHCPNETWORK,INCOMPATIBLE,82.90.7.17/32
DHCPNETWORK,INCOMPATIBLE,82.90.9.88/32
DHCPNETWORK,INCOMPATIBLE,10.158.1.207/32
DHCPNETWORK,INCOMPATIBLE,18.235.21.34/32
DHCPNETWORK,INCOMPATIBLE,13.233.240.170/32
DHCPNETWORK,INCOMPATIBLE,18.202.134.162/32
DHCPNETWORK,INCOMPATIBLE,10.159.72.25/32
DHCPNETWORK,INCOMPATIBLE,10.159.72.26/32
DHCPNETWORK,INCOMPATIBLE,10.167.15.25/32
DHCPNETWORK,INCOMPATIBLE,10.167.15.26/32
DHCPNETWORK,INCOMPATIBLE,10.167.15.28/32
DHCPNETWORK,INCOMPATIBLE,10.167.64.26/32
DHCPNETWORK,INCOMPATIBLE,10.167.64.28/32
DHCPNETWORK,INCOMPATIBLE,10.169.192.25/32
DHCPNETWORK,INCOMPATIBLE,10.169.192.26/32
DHCPNETWORK,INCOMPATIBLE,10.169.192.27/32
DHCPNETWORK,INCOMPATIBLE,10.169.192.28/32
DHCPNETWORK,INCOMPATIBLE,10.170.126.26/32
DHCPNETWORK,INCOMPATIBLE,10.170.126.28/32
DHCPNETWORK,INCOMPATIBLE,10.171.160.25/32
DHCPNETWORK,INCOMPATIBLE,10.171.160.26/32
DHCPNETWORK,INCOMPATIBLE,10.173.29.50/32
DHCPNETWORK,INCOMPATIBLE,10.175.52.25/32
DHCPNETWORK,INCOMPATIBLE,10.175.52.26/32
DHCPNETWORK,INCOMPATIBLE,10.175.253.26/32
DHCPNETWORK,INCOMPATIBLE,10.218.0.26/32
DHCPNETWORK,INCOMPATIBLE,10.228.240.25/32
DHCPNETWORK,INCOMPATIBLE,10.229.0.25/32
DHCPNETWORK,INCOMPATIBLE,10.229.0.26/32
DHCPNETWORK,INCOMPATIBLE,10.229.0.28/32
DHCPNETWORK,INCOMPATIBLE,10.229.32.25/32
DHCPNETWORK,INCOMPATIBLE,10.229.32.26/32
DHCPNETWORK,INCOMPATIBLE,10.229.32.28/32
DHCPNETWORK,INCOMPATIBLE,10.229.44.25/32
DHCPNETWORK,INCOMPATIBLE,10.229.44.26/32
DHCPNETWORK,INCOMPATIBLE,10.229.50.25/32
DHCPNETWORK,INCOMPATIBLE,10.229.50.26/32
DHCPNETWORK,INCOMPATIBLE,10.229.56.25/32
DHCPNETWORK,INCOMPATIBLE,10.229.56.26/32
DHCPNETWORK,INCOMPATIBLE,10.229.67.25/32
DHCPNETWORK,INCOMPATIBLE,10.229.67.26/32
DHCPNETWORK,INCOMPATIBLE,10.229.72.25/32
DHCPNETWORK,INCOMPATIBLE,10.229.72.26/32
DHCPNETWORK,INCOMPATIBLE,10.229.72.28/32
DHCPNETWORK,INCOMPATIBLE,10.229.76.25/32
DHCPNETWORK,INCOMPATIBLE,10.229.76.26/32
DHCPNETWORK,INCOMPATIBLE,10.229.80.25/32
DHCPNETWORK,INCOMPATIBLE,10.229.80.26/32
DHCPNETWORK,INCOMPATIBLE,10.229.80.28/32
DHCPNETWORK,INCOMPATIBLE,10.229.88.25/32
DHCPNETWORK,INCOMPATIBLE,10.229.88.26/32
DHCPNETWORK,INCOMPATIBLE,10.229.90.25/32
DHCPNETWORK,INCOMPATIBLE,10.229.90.26/32
DHCPNETWORK,INCOMPATIBLE,10.171.192.25/32
DHCPNETWORK,INCOMPATIBLE,10.171.192.26/32
DHCPNETWORK,INCOMPATIBLE,10.171.192.28/32
DHCPNETWORK,INCOMPATIBLE,10.193.136.255/32
DHCPNETWORK,INCOMPATIBLE,18.228.83.70/32
DHCPNETWORK,INCOMPATIBLE,139.160.5.83/32
DHCPNETWORK,INCOMPATIBLE,10.166.112.25/32
DHCPNETWORK,INCOMPATIBLE,63.34.127.183/32
DHCPNETWORK,INCOMPATIBLE,10.156.40.1/32
DHCPNETWORK,INCOMPATIBLE,10.156.51.1/32
DHCPNETWORK,INCOMPATIBLE,10.156.51.2/32
DHCPNETWORK,INCOMPATIBLE,10.156.50.1/32
DHCPNETWORK,INCOMPATIBLE,10.156.50.2/32
DHCPNETWORK,INCOMPATIBLE,10.156.50.3/32
DHCPNETWORK,INCOMPATIBLE,10.156.50.4/32
DHCPNETWORK,INCOMPATIBLE,10.156.56.1/32
DHCPNETWORK,INCOMPATIBLE,10.156.56.2/32
DHCPNETWORK,INCOMPATIBLE,10.156.40.2/32
DHCPNETWORK,INCOMPATIBLE,10.156.40.3/32
DHCPNETWORK,INCOMPATIBLE,10.156.40.4/32
DHCPNETWORK,INCOMPATIBLE,10.156.40.5/32
DHCPNETWORK,INCOMPATIBLE,10.156.40.6/32
DHCPNETWORK,INCOMPATIBLE,10.156.40.7/32
DHCPNETWORK,INCOMPATIBLE,10.156.40.8/32
DHCPNETWORK,INCOMPATIBLE,10.156.40.9/32
DHCPNETWORK,INCOMPATIBLE,10.156.40.10/32
DHCPNETWORK,INCOMPATIBLE,10.156.44.5/32
DHCPNETWORK,INCOMPATIBLE,10.235.20.25/32
DHCPNETWORK,INCOMPATIBLE,10.156.44.6/32
DHCPNETWORK,INCOMPATIBLE,10.156.44.7/32
DHCPNETWORK,INCOMPATIBLE,10.156.44.8/32
DHCPNETWORK,INCOMPATIBLE,10.156.44.9/32
DHCPNETWORK,INCOMPATIBLE,10.156.44.10/32
DHCPNETWORK,INCOMPATIBLE,10.156.51.7/32
DHCPNETWORK,INCOMPATIBLE,10.156.51.8/32
DHCPNETWORK,INCOMPATIBLE,10.156.51.9/32
DHCPNETWORK,INCOMPATIBLE,10.156.51.10/32
DHCPNETWORK,INCOMPATIBLE,10.156.51.11/32
DHCPNETWORK,INCOMPATIBLE,10.156.51.12/32
DHCPNETWORK,INCOMPATIBLE,10.156.56.3/32
DHCPNETWORK,INCOMPATIBLE,10.156.56.4/32
DHCPNETWORK,INCOMPATIBLE,10.156.56.5/32
DHCPNETWORK,INCOMPATIBLE,10.156.56.6/32
DHCPNETWORK,INCOMPATIBLE,10.156.56.11/32
DHCPNETWORK,INCOMPATIBLE,10.156.56.12/32
DHCPNETWORK,INCOMPATIBLE,10.156.56.14/32
DHCPNETWORK,INCOMPATIBLE,10.156.56.15/32
DHCPNETWORK,INCOMPATIBLE,10.156.56.16/32
DHCPNETWORK,INCOMPATIBLE,10.156.56.17/32
DHCPNETWORK,INCOMPATIBLE,10.156.56.18/32
DHCPNETWORK,INCOMPATIBLE,62.99.151.156/32
DHCPNETWORK,INCOMPATIBLE,62.99.151.154/32
DHCPNETWORK,INCOMPATIBLE,62.99.151.155/32
DHCPNETWORK,INCOMPATIBLE,62.99.151.157/32
DHCPNETWORK,INCOMPATIBLE,62.99.151.158/32
DHCPNETWORK,INCOMPATIBLE,62.99.151.159/32
DHCPNETWORK,INCOMPATIBLE,62.99.151.160/32
DHCPNETWORK,INCOMPATIBLE,10.132.223.252/32
DHCPNETWORK,INCOMPATIBLE,110.142.218.94/32
DHCPNETWORK,INCOMPATIBLE,10.156.40.11/32
DHCPNETWORK,INCOMPATIBLE,10.156.40.12/32
DHCPNETWORK,INCOMPATIBLE,10.156.40.13/32
DHCPNETWORK,INCOMPATIBLE,10.156.40.14/32
DHCPNETWORK,INCOMPATIBLE,10.156.40.15/32
DHCPNETWORK,INCOMPATIBLE,10.156.40.16/32
DHCPNETWORK,INCOMPATIBLE,10.156.40.17/32
DHCPNETWORK,INCOMPATIBLE,10.156.40.18/32
DHCPNETWORK,INCOMPATIBLE,10.156.40.19/32
DHCPNETWORK,INCOMPATIBLE,10.156.40.20/32
DHCPNETWORK,INCOMPATIBLE,10.156.40.21/32
DHCPNETWORK,INCOMPATIBLE,10.156.44.11/32
DHCPNETWORK,INCOMPATIBLE,10.156.44.12/32
DHCPNETWORK,INCOMPATIBLE,10.156.44.13/32
DHCPNETWORK,INCOMPATIBLE,10.156.44.14/32
DHCPNETWORK,INCOMPATIBLE,10.156.44.15/32
DHCPNETWORK,INCOMPATIBLE,10.156.44.16/32
DHCPNETWORK,INCOMPATIBLE,10.156.44.17/32
DHCPNETWORK,INCOMPATIBLE,10.156.44.18/32
DHCPNETWORK,INCOMPATIBLE,10.156.44.19/32
DHCPNETWORK,INCOMPATIBLE,10.156.44.20/32
DHCPNETWORK,INCOMPATIBLE,10.156.44.21/32
DHCPNETWORK,INCOMPATIBLE,10.156.44.22/32
DHCPNETWORK,INCOMPATIBLE,10.156.44.23/32
DHCPNETWORK,INCOMPATIBLE,10.156.44.24/32
DHCPNETWORK,INCOMPATIBLE,10.156.44.25/32
DHCPNETWORK,INCOMPATIBLE,10.156.44.27/32
DHCPNETWORK,INCOMPATIBLE,10.156.44.28/32
DHCPNETWORK,INCOMPATIBLE,10.156.44.29/32
DHCPNETWORK,INCOMPATIBLE,10.156.44.30/32
DHCPNETWORK,INCOMPATIBLE,10.156.44.31/32
DHCPNETWORK,INCOMPATIBLE,10.156.44.32/32
DHCPNETWORK,INCOMPATIBLE,10.156.44.33/32
DHCPNETWORK,INCOMPATIBLE,10.156.44.36/32
DHCPNETWORK,INCOMPATIBLE,10.156.44.37/32
DHCPNETWORK,INCOMPATIBLE,10.156.40.23/32
DHCPNETWORK,INCOMPATIBLE,10.156.40.24/32
DHCPNETWORK,INCOMPATIBLE,10.156.40.25/32
DHCPNETWORK,INCOMPATIBLE,10.156.40.26/32
DHCPNETWORK,INCOMPATIBLE,10.156.40.27/32
DHCPNETWORK,INCOMPATIBLE,10.156.40.28/32
DHCPNETWORK,INCOMPATIBLE,10.156.44.38/32
DHCPNETWORK,INCOMPATIBLE,10.156.44.39/32
DHCPNETWORK,INCOMPATIBLE,10.156.44.40/32
DHCPNETWORK,INCOMPATIBLE,10.156.40.29/32
DHCPNETWORK,INCOMPATIBLE,10.156.40.30/32
DHCPNETWORK,INCOMPATIBLE,10.156.40.31/32
DHCPNETWORK,INCOMPATIBLE,10.156.40.32/32
DHCPNETWORK,INCOMPATIBLE,10.156.40.33/32
DHCPNETWORK,INCOMPATIBLE,10.156.40.34/32
DHCPNETWORK,INCOMPATIBLE,10.156.40.35/32
DHCPNETWORK,INCOMPATIBLE,10.156.44.41/32
DHCPNETWORK,INCOMPATIBLE,10.156.44.42/32
DHCPNETWORK,INCOMPATIBLE,10.156.44.43/32
DHCPNETWORK,INCOMPATIBLE,10.156.44.44/32
DHCPNETWORK,INCOMPATIBLE,10.156.44.45/32
DHCPNETWORK,INCOMPATIBLE,10.156.44.46/32
DHCPNETWORK,INCOMPATIBLE,10.156.40.36/32
DHCPNETWORK,INCOMPATIBLE,10.156.40.37/32
DHCPNETWORK,INCOMPATIBLE,10.156.51.16/32
DHCPNETWORK,INCOMPATIBLE,10.156.51.17/32
DHCPNETWORK,INCOMPATIBLE,10.156.51.18/32
DHCPNETWORK,INCOMPATIBLE,10.156.51.19/32
DHCPNETWORK,INCOMPATIBLE,10.156.51.20/32
DHCPNETWORK,INCOMPATIBLE,10.156.51.21/32
DHCPNETWORK,INCOMPATIBLE,10.156.51.22/32
DHCPNETWORK,INCOMPATIBLE,10.156.51.23/32
DHCPNETWORK,INCOMPATIBLE,10.156.51.24/32
DHCPNETWORK,INCOMPATIBLE,10.156.50.7/32
DHCPNETWORK,INCOMPATIBLE,10.156.50.8/32
DHCPNETWORK,INCOMPATIBLE,10.156.50.9/32
DHCPNETWORK,INCOMPATIBLE,10.156.50.10/32
DHCPNETWORK,INCOMPATIBLE,10.156.48.1/32
DHCPNETWORK,INCOMPATIBLE,10.156.48.2/32
DHCPNETWORK,INCOMPATIBLE,34.251.71.18/32
DHCPNETWORK,INCOMPATIBLE,34.250.26.122/32
DHCPNETWORK,INCOMPATIBLE,18.200.163.19/32
DHCPNETWORK,INCOMPATIBLE,52.211.94.51/32
DHCPNETWORK,INCOMPATIBLE,10.160.64.25/32
DHCPNETWORK,INCOMPATIBLE,10.160.64.26/32
DHCPNETWORK,INCOMPATIBLE,10.160.64.28/32
DHCPNETWORK,INCOMPATIBLE,10.156.42.1/32
DHCPNETWORK,INCOMPATIBLE,10.156.42.2/32
DHCPNETWORK,INCOMPATIBLE,10.156.40.38/32
DHCPNETWORK,INCOMPATIBLE,10.156.40.39/32
DHCPNETWORK,INCOMPATIBLE,10.156.42.0/32
DHCPNETWORK,INCOMPATIBLE,10.156.42.3/32
DHCPNETWORK,INCOMPATIBLE,10.156.42.4/32
DHCPNETWORK,INCOMPATIBLE,10.156.42.5/32
DHCPNETWORK,INCOMPATIBLE,10.156.42.6/32
DHCPNETWORK,INCOMPATIBLE,10.156.42.7/32
DHCPNETWORK,INCOMPATIBLE,10.156.42.8/32
DHCPNETWORK,INCOMPATIBLE,10.156.44.0/32
DHCPNETWORK,INCOMPATIBLE,10.156.44.1/32
DHCPNETWORK,INCOMPATIBLE,10.156.44.2/32
DHCPNETWORK,INCOMPATIBLE,10.156.44.3/32
DHCPNETWORK,INCOMPATIBLE,10.156.44.4/32
DHCPNETWORK,INCOMPATIBLE,10.156.44.47/32
DHCPNETWORK,INCOMPATIBLE,10.156.44.48/32
DHCPNETWORK,INCOMPATIBLE,10.156.44.49/32
DHCPNETWORK,INCOMPATIBLE,10.156.44.50/32
DHCPNETWORK,INCOMPATIBLE,10.156.44.51/32
DHCPNETWORK,INCOMPATIBLE,10.156.44.52/32
DHCPNETWORK,INCOMPATIBLE,10.156.44.53/32
DHCPNETWORK,INCOMPATIBLE,10.156.44.54/32
DHCPNETWORK,INCOMPATIBLE,10.156.44.57/32
DHCPNETWORK,INCOMPATIBLE,10.156.44.58/32
DHCPNETWORK,INCOMPATIBLE,10.156.44.59/32
DHCPNETWORK,INCOMPATIBLE,10.156.44.60/32
DHCPNETWORK,INCOMPATIBLE,10.156.42.9/32
DHCPNETWORK,INCOMPATIBLE,10.156.42.10/32
DHCPNETWORK,INCOMPATIBLE,10.156.44.61/32
DHCPNETWORK,INCOMPATIBLE,10.156.44.62/32
DHCPNETWORK,INCOMPATIBLE,80.15.180.239/32
DHCPNETWORK,INCOMPATIBLE,10.156.44.63/32
DHCPNETWORK,INCOMPATIBLE,10.156.40.40/32
DHCPNETWORK,INCOMPATIBLE,10.156.40.41/32
DHCPNETWORK,INCOMPATIBLE,87.140.89.37/32
DHCPNETWORK,INCOMPATIBLE,10.156.42.11/32
DHCPNETWORK,INCOMPATIBLE,10.156.46.128/32
DHCPNETWORK,INCOMPATIBLE,10.156.46.129/32
DHCPNETWORK,INCOMPATIBLE,10.156.46.130/32
DHCPNETWORK,INCOMPATIBLE,10.156.46.131/32
DHCPNETWORK,INCOMPATIBLE,10.156.42.12/32
DHCPNETWORK,INCOMPATIBLE,10.156.42.13/32
DHCPNETWORK,INCOMPATIBLE,10.156.44.73/32
DHCPNETWORK,INCOMPATIBLE,10.156.44.74/32
DHCPNETWORK,INCOMPATIBLE,10.156.44.75/32
DHCPNETWORK,INCOMPATIBLE,10.156.44.76/32
DHCPNETWORK,INCOMPATIBLE,10.156.44.77/32
DHCPNETWORK,INCOMPATIBLE,10.156.44.78/32
DHCPNETWORK,INCOMPATIBLE,10.156.44.79/32
DHCPNETWORK,INCOMPATIBLE,10.156.44.80/32
DHCPNETWORK,INCOMPATIBLE,10.156.44.81/32
DHCPNETWORK,INCOMPATIBLE,10.156.44.82/32
DHCPNETWORK,INCOMPATIBLE,10.156.44.83/32
DHCPNETWORK,INCOMPATIBLE,10.156.44.84/32
DHCPNETWORK,INCOMPATIBLE,10.156.42.14/32
DHCPNETWORK,INCOMPATIBLE,10.156.42.15/32
DHCPNETWORK,INCOMPATIBLE,10.156.42.16/32
DHCPNETWORK,INCOMPATIBLE,10.156.42.17/32
DHCPNETWORK,INCOMPATIBLE,10.156.42.18/32
DHCPNETWORK,INCOMPATIBLE,10.156.42.19/32
DHCPNETWORK,INCOMPATIBLE,10.156.42.20/32
DHCPNETWORK,INCOMPATIBLE,10.156.42.21/32
DHCPNETWORK,INCOMPATIBLE,10.156.42.22/32
DHCPNETWORK,INCOMPATIBLE,10.156.42.23/32
DHCPNETWORK,INCOMPATIBLE,10.156.42.24/32
DHCPNETWORK,INCOMPATIBLE,10.156.42.25/32
DHCPNETWORK,INCOMPATIBLE,10.156.42.26/32
DHCPNETWORK,INCOMPATIBLE,10.156.42.27/32
DHCPNETWORK,INCOMPATIBLE,10.156.42.28/32
DHCPNETWORK,INCOMPATIBLE,10.156.42.29/32
DHCPNETWORK,INCOMPATIBLE,10.156.42.30/32
DHCPNETWORK,INCOMPATIBLE,10.156.42.31/32
DHCPNETWORK,INCOMPATIBLE,10.156.42.32/32
DHCPNETWORK,INCOMPATIBLE,10.156.42.33/32
DHCPNETWORK,INCOMPATIBLE,10.156.42.34/32
DHCPNETWORK,INCOMPATIBLE,10.156.44.85/32
DHCPNETWORK,INCOMPATIBLE,10.156.44.86/32
DHCPNETWORK,INCOMPATIBLE,10.156.44.87/32
DHCPNETWORK,INCOMPATIBLE,10.156.44.88/32
DHCPNETWORK,INCOMPATIBLE,10.156.44.89/32
DHCPNETWORK,INCOMPATIBLE,10.156.44.90/32
DHCPNETWORK,INCOMPATIBLE,10.156.44.91/32
DHCPNETWORK,INCOMPATIBLE,10.156.44.92/32
DHCPNETWORK,INCOMPATIBLE,10.156.44.93/32
DHCPNETWORK,INCOMPATIBLE,10.156.44.94/32
DHCPNETWORK,INCOMPATIBLE,10.156.44.95/32
DHCPNETWORK,INCOMPATIBLE,10.156.44.96/32
DHCPNETWORK,INCOMPATIBLE,10.156.44.97/32
DHCPNETWORK,INCOMPATIBLE,10.156.44.98/32
DHCPNETWORK,INCOMPATIBLE,10.156.44.99/32
DHCPNETWORK,INCOMPATIBLE,10.156.44.100/32
DHCPNETWORK,INCOMPATIBLE,10.156.44.101/32
DHCPNETWORK,INCOMPATIBLE,10.156.44.102/32
DHCPNETWORK,INCOMPATIBLE,10.156.44.103/32
DHCPNETWORK,INCOMPATIBLE,10.156.44.104/32
DHCPNETWORK,INCOMPATIBLE,10.156.44.105/32
DHCPNETWORK,INCOMPATIBLE,10.156.43.128/32
DHCPNETWORK,INCOMPATIBLE,10.156.46.134/32
DHCPNETWORK,INCOMPATIBLE,10.156.46.135/32
DHCPNETWORK,INCOMPATIBLE,10.156.46.136/32
DHCPNETWORK,INCOMPATIBLE,10.239.255.254/32
DHCPNETWORK,INCOMPATIBLE,10.239.255.244/32
DHCPNETWORK,INCOMPATIBLE,52.87.82.131/32
DHCPNETWORK,INCOMPATIBLE,10.156.40.42/32
DHCPNETWORK,INCOMPATIBLE,10.156.40.43/32
DHCPNETWORK,INCOMPATIBLE,10.156.40.44/32
DHCPNETWORK,INCOMPATIBLE,10.156.40.45/32
DHCPNETWORK,INCOMPATIBLE,10.156.40.46/32
DHCPNETWORK,INCOMPATIBLE,10.156.40.47/32
DHCPNETWORK,INCOMPATIBLE,10.156.40.48/32
DHCPNETWORK,INCOMPATIBLE,10.156.40.49/32
DHCPNETWORK,INCOMPATIBLE,10.156.40.50/32
DHCPNETWORK,INCOMPATIBLE,10.156.40.51/32
DHCPNETWORK,INCOMPATIBLE,10.156.40.52/32
DHCPNETWORK,INCOMPATIBLE,10.156.40.53/32
DHCPNETWORK,INCOMPATIBLE,10.156.40.54/32
DHCPNETWORK,INCOMPATIBLE,10.156.40.55/32
DHCPNETWORK,INCOMPATIBLE,10.156.40.56/32
DHCPNETWORK,INCOMPATIBLE,10.156.40.57/32
DHCPNETWORK,INCOMPATIBLE,10.156.40.58/32
DHCPNETWORK,INCOMPATIBLE,10.156.40.59/32
DHCPNETWORK,INCOMPATIBLE,10.156.40.60/32
DHCPNETWORK,INCOMPATIBLE,10.156.40.61/32
DHCPNETWORK,INCOMPATIBLE,10.156.40.62/32
DHCPNETWORK,INCOMPATIBLE,10.156.40.63/32
DHCPNETWORK,INCOMPATIBLE,10.156.40.64/32
DHCPNETWORK,INCOMPATIBLE,10.156.40.65/32
DHCPNETWORK,INCOMPATIBLE,10.156.40.66/32
DHCPNETWORK,INCOMPATIBLE,10.156.40.67/32
DHCPNETWORK,INCOMPATIBLE,10.156.40.68/32
DHCPNETWORK,INCOMPATIBLE,10.156.40.69/32
DHCPNETWORK,INCOMPATIBLE,10.156.40.70/32
DHCPNETWORK,INCOMPATIBLE,10.156.40.71/32
DHCPNETWORK,INCOMPATIBLE,10.156.40.72/32
DHCPNETWORK,INCOMPATIBLE,10.156.40.73/32
DHCPNETWORK,INCOMPATIBLE,10.156.40.74/32
DHCPNETWORK,INCOMPATIBLE,10.156.40.75/32
DHCPNETWORK,INCOMPATIBLE,10.156.40.76/32
DHCPNETWORK,INCOMPATIBLE,10.156.40.77/32
DHCPNETWORK,INCOMPATIBLE,10.156.40.78/32
DHCPNETWORK,INCOMPATIBLE,10.156.40.79/32
DHCPNETWORK,INCOMPATIBLE,10.156.40.80/32
DHCPNETWORK,INCOMPATIBLE,10.156.40.81/32
DHCPNETWORK,INCOMPATIBLE,10.156.40.82/32
DHCPNETWORK,INCOMPATIBLE,10.156.40.83/32
DHCPNETWORK,INCOMPATIBLE,10.156.40.84/32
DHCPNETWORK,INCOMPATIBLE,10.156.40.85/32
DHCPNETWORK,INCOMPATIBLE,10.156.40.86/32
DHCPNETWORK,INCOMPATIBLE,10.156.40.87/32
DHCPNETWORK,INCOMPATIBLE,10.156.40.88/32
DHCPNETWORK,INCOMPATIBLE,10.156.40.89/32
DHCPNETWORK,INCOMPATIBLE,10.156.40.90/32
DHCPNETWORK,INCOMPATIBLE,10.156.40.91/32
DHCPNETWORK,INCOMPATIBLE,10.156.40.92/32
DHCPNETWORK,INCOMPATIBLE,10.156.40.93/32
DHCPNETWORK,INCOMPATIBLE,10.156.40.94/32
DHCPNETWORK,INCOMPATIBLE,10.156.40.95/32
DHCPNETWORK,INCOMPATIBLE,10.156.40.96/32
DHCPNETWORK,INCOMPATIBLE,10.156.40.97/32
DHCPNETWORK,INCOMPATIBLE,10.156.40.98/32
DHCPNETWORK,INCOMPATIBLE,10.156.40.99/32
DHCPNETWORK,INCOMPATIBLE,10.156.40.100/32
DHCPNETWORK,INCOMPATIBLE,10.156.40.101/32
DHCPNETWORK,INCOMPATIBLE,10.156.40.102/32
DHCPNETWORK,INCOMPATIBLE,10.156.40.103/32
DHCPNETWORK,INCOMPATIBLE,10.156.40.104/32
DHCPNETWORK,INCOMPATIBLE,10.156.40.105/32
DHCPNETWORK,INCOMPATIBLE,10.156.40.106/32
DHCPNETWORK,INCOMPATIBLE,10.156.40.107/32
DHCPNETWORK,INCOMPATIBLE,10.156.40.108/32
DHCPNETWORK,INCOMPATIBLE,10.156.40.109/32
DHCPNETWORK,INCOMPATIBLE,10.156.40.110/32
DHCPNETWORK,INCOMPATIBLE,10.156.40.111/32
DHCPNETWORK,INCOMPATIBLE,10.156.40.112/32
DHCPNETWORK,INCOMPATIBLE,10.156.40.113/32
DHCPNETWORK,INCOMPATIBLE,10.156.40.114/32
DHCPNETWORK,INCOMPATIBLE,10.156.40.115/32
DHCPNETWORK,INCOMPATIBLE,10.156.40.116/32
DHCPNETWORK,INCOMPATIBLE,10.156.40.117/32
DHCPNETWORK,INCOMPATIBLE,10.156.40.118/32
DHCPNETWORK,INCOMPATIBLE,10.156.40.119/32
DHCPNETWORK,INCOMPATIBLE,10.156.40.120/32
DHCPNETWORK,INCOMPATIBLE,10.156.40.121/32
DHCPNETWORK,INCOMPATIBLE,10.156.40.122/32
DHCPNETWORK,INCOMPATIBLE,10.156.40.123/32
DHCPNETWORK,INCOMPATIBLE,10.156.40.124/32
DHCPNETWORK,INCOMPATIBLE,10.156.40.125/32
DHCPNETWORK,INCOMPATIBLE,10.156.40.126/32
DHCPNETWORK,INCOMPATIBLE,10.156.40.127/32
DHCPNETWORK,INCOMPATIBLE,34.242.10.80/32
DHCPNETWORK,INCOMPATIBLE,34.246.105.149/32
DHCPNETWORK,INCOMPATIBLE,34.249.237.23/32
DHCPNETWORK,INCOMPATIBLE,52.209.79.220/32
DHCPNETWORK,INCOMPATIBLE,3.217.5.35/32
DHCPNETWORK,INCOMPATIBLE,99.80.94.29/32
DHCPNETWORK,INCOMPATIBLE,63.35.1.152/32
DHCPNETWORK,INCOMPATIBLE,52.208.40.242/32
DHCPNETWORK,INCOMPATIBLE,13.235.159.20/32
DHCPNETWORK,INCOMPATIBLE,18.229.200.78/32
DHCPNETWORK,INCOMPATIBLE,3.6.194.45/32
DHCPNETWORK,INCOMPATIBLE,52.72.133.248/32
DHCPNETWORK,INCOMPATIBLE,52.74.246.244/32
DHCPNETWORK,INCOMPATIBLE,13.55.170.222/32
DHCPNETWORK,INCOMPATIBLE,35.169.64.158/32
DHCPNETWORK,INCOMPATIBLE,3.212.217.34/32
DHCPNETWORK,INCOMPATIBLE,18.213.165.136/32
DHCPNETWORK,INCOMPATIBLE,52.45.3.25/32
DHCPNETWORK,INCOMPATIBLE,118.22.57.228/32
DHCPNETWORK,INCOMPATIBLE,153.142.63.51/32
DHCPNETWORK,INCOMPATIBLE,175.204.49.194/32
DHCPNETWORK,INCOMPATIBLE,125.140.93.250/32
DHCPNETWORK,INCOMPATIBLE,121.186.237.206/32
DHCPNETWORK,INCOMPATIBLE,119.198.37.220/32
DHCPNETWORK,INCOMPATIBLE,211.215.159.252/32
DHCPNETWORK,INCOMPATIBLE,52.17.195.195/32
DHCPNETWORK,INCOMPATIBLE,34.242.48.71/32
DHCPNETWORK,INCOMPATIBLE,52.17.185.94/32
DHCPNETWORK,INCOMPATIBLE,54.76.168.222/32
DHCPNETWORK,INCOMPATIBLE,52.211.90.213/32
DHCPNETWORK,INCOMPATIBLE,108.128.154.37/32
DHCPNETWORK,INCOMPATIBLE,54.76.175.203/32
DHCPNETWORK,INCOMPATIBLE,52.50.101.156/32
DHCPNETWORK,INCOMPATIBLE,18.136.41.69/32
DHCPNETWORK,INCOMPATIBLE,3.6.101.17/32
DHCPNETWORK,INCOMPATIBLE,18.230.29.172/32
DHCPNETWORK,INCOMPATIBLE,3.6.209.206/32
DHCPNETWORK,INCOMPATIBLE,10.198.239.252/32
DHCPNETWORK,INCOMPATIBLE,10.198.239.251/32
DHCPNETWORK,INCOMPATIBLE,10.156.42.35/32
DHCPNETWORK,INCOMPATIBLE,10.156.42.36/32
DHCPNETWORK,INCOMPATIBLE,10.156.42.37/32
DHCPNETWORK,INCOMPATIBLE,10.156.42.38/32
DHCPNETWORK,INCOMPATIBLE,10.156.42.39/32
DHCPNETWORK,INCOMPATIBLE,10.156.42.40/32
DHCPNETWORK,INCOMPATIBLE,10.156.42.41/32
DHCPNETWORK,INCOMPATIBLE,10.156.42.42/32
DHCPNETWORK,INCOMPATIBLE,10.156.42.43/32
DHCPNETWORK,INCOMPATIBLE,10.156.42.44/32
DHCPNETWORK,INCOMPATIBLE,10.156.42.46/32
DHCPNETWORK,INCOMPATIBLE,10.156.44.55/32
DHCPNETWORK,INCOMPATIBLE,10.156.44.56/32
DHCPNETWORK,INCOMPATIBLE,10.156.44.64/32
DHCPNETWORK,INCOMPATIBLE,10.156.44.65/32
DHCPNETWORK,INCOMPATIBLE,10.156.44.66/32
DHCPNETWORK,INCOMPATIBLE,10.156.44.67/32
DHCPNETWORK,INCOMPATIBLE,10.156.44.68/32
DHCPNETWORK,INCOMPATIBLE,10.156.44.69/32
DHCPNETWORK,INCOMPATIBLE,10.156.42.47/32
DHCPNETWORK,INCOMPATIBLE,10.156.42.48/32
DHCPNETWORK,INCOMPATIBLE,10.156.42.49/32
DHCPNETWORK,INCOMPATIBLE,10.156.42.50/32
DHCPNETWORK,INCOMPATIBLE,10.156.42.51/32
DHCPNETWORK,INCOMPATIBLE,10.156.42.52/32
DHCPNETWORK,INCOMPATIBLE,10.156.42.53/32
DHCPNETWORK,INCOMPATIBLE,10.156.42.54/32
DHCPNETWORK,INCOMPATIBLE,10.156.42.55/32
DHCPNETWORK,INCOMPATIBLE,12.90.72.62/32
DHCPNETWORK,INCOMPATIBLE,75.146.143.105/32
DHCPNETWORK,INCOMPATIBLE,12.116.147.218/32
DHCPNETWORK,INCOMPATIBLE,75.149.111.193/32
DHCPNETWORK,INCOMPATIBLE,12.118.113.70/32
DHCPNETWORK,INCOMPATIBLE,96.92.52.177/32
DHCPNETWORK,INCOMPATIBLE,12.126.150.182/32
DHCPNETWORK,INCOMPATIBLE,75.148.75.49/32
DHCPNETWORK,INCOMPATIBLE,50.210.98.141/32
DHCPNETWORK,INCOMPATIBLE,12.127.102.238/32
DHCPNETWORK,INCOMPATIBLE,50.243.234.185/32
DHCPNETWORK,INCOMPATIBLE,32.140.10.230/32
DHCPNETWORK,INCOMPATIBLE,70.183.188.2/32
DHCPNETWORK,INCOMPATIBLE,12.244.246.114/32
DHCPNETWORK,INCOMPATIBLE,75.145.153.165/32
DHCPNETWORK,INCOMPATIBLE,12.94.53.54/32
DHCPNETWORK,INCOMPATIBLE,12.245.80.6/32
DHCPNETWORK,INCOMPATIBLE,65.26.47.206/32
DHCPNETWORK,INCOMPATIBLE,12.127.214.106/32
DHCPNETWORK,INCOMPATIBLE,174.79.103.61/32
DHCPNETWORK,INCOMPATIBLE,12.127.230.50/32
DHCPNETWORK,INCOMPATIBLE,35.135.131.70/32
DHCPNETWORK,INCOMPATIBLE,12.124.6.14/32
DHCPNETWORK,INCOMPATIBLE,10.156.42.56/32
DHCPNETWORK,INCOMPATIBLE,10.156.42.57/32
DHCPNETWORK,INCOMPATIBLE,10.156.42.58/32
DHCPNETWORK,INCOMPATIBLE,10.156.42.59/32
DHCPNETWORK,INCOMPATIBLE,10.156.42.60/32
DHCPNETWORK,INCOMPATIBLE,10.156.42.61/32
DHCPNETWORK,INCOMPATIBLE,10.156.42.63/32
DHCPNETWORK,INCOMPATIBLE,10.156.42.64/32
DHCPNETWORK,INCOMPATIBLE,10.156.42.65/32
DHCPNETWORK,INCOMPATIBLE,10.156.42.66/32
DHCPNETWORK,INCOMPATIBLE,92.174.248.98/32
DHCPNETWORK,INCOMPATIBLE,213.91.179.90/32
DHCPNETWORK,INCOMPATIBLE,10.156.44.70/32
DHCPNETWORK,INCOMPATIBLE,10.156.44.71/32
DHCPNETWORK,INCOMPATIBLE,10.156.44.106/32
DHCPNETWORK,INCOMPATIBLE,10.156.42.67/32
DHCPNETWORK,INCOMPATIBLE,10.156.42.68/32
DHCPNETWORK,INCOMPATIBLE,10.156.42.69/32
DHCPNETWORK,INCOMPATIBLE,10.156.42.70/32
DHCPNETWORK,INCOMPATIBLE,10.156.42.71/32
DHCPNETWORK,INCOMPATIBLE,10.156.42.72/32
DHCPNETWORK,INCOMPATIBLE,10.156.42.73/32
DHCPNETWORK,INCOMPATIBLE,10.156.42.76/32
DHCPNETWORK,INCOMPATIBLE,10.156.42.77/32
DHCPNETWORK,INCOMPATIBLE,10.156.42.78/32
DHCPNETWORK,INCOMPATIBLE,10.156.42.79/32
DHCPNETWORK,INCOMPATIBLE,10.156.42.80/32
DHCPNETWORK,INCOMPATIBLE,10.156.42.81/32
DHCPNETWORK,INCOMPATIBLE,10.156.42.82/32
DHCPNETWORK,INCOMPATIBLE,10.156.42.83/32
DHCPNETWORK,INCOMPATIBLE,10.156.42.84/32
DHCPNETWORK,INCOMPATIBLE,10.156.42.85/32
DHCPNETWORK,INCOMPATIBLE,10.156.42.86/32
DHCPNETWORK,INCOMPATIBLE,10.156.42.87/32
DHCPNETWORK,INCOMPATIBLE,10.156.44.110/32
DHCPNETWORK,INCOMPATIBLE,10.156.44.112/32
DHCPNETWORK,INCOMPATIBLE,10.156.44.138/32
DHCPNETWORK,INCOMPATIBLE,10.156.44.108/32
DHCPNETWORK,INCOMPATIBLE,10.156.44.119/32
DHCPNETWORK,INCOMPATIBLE,10.156.44.125/32
DHCPNETWORK,INCOMPATIBLE,10.156.44.130/32
DHCPNETWORK,INCOMPATIBLE,10.156.44.132/32
DHCPNETWORK,INCOMPATIBLE,10.156.44.135/32
DHCPNETWORK,INCOMPATIBLE,10.156.44.127/32
DHCPNETWORK,INCOMPATIBLE,10.156.44.116/32
DHCPNETWORK,INCOMPATIBLE,10.156.44.114/32
DHCPNETWORK,INCOMPATIBLE,10.156.44.140/32
DHCPNETWORK,INCOMPATIBLE,10.156.44.142/32
DHCPNETWORK,INCOMPATIBLE,10.156.44.121/32
DHCPNETWORK,INCOMPATIBLE,10.156.44.144/32
DHCPNETWORK,INCOMPATIBLE,10.156.44.111/32
DHCPNETWORK,INCOMPATIBLE,10.156.44.113/32
DHCPNETWORK,INCOMPATIBLE,10.156.44.139/32
DHCPNETWORK,INCOMPATIBLE,10.156.44.109/32
DHCPNETWORK,INCOMPATIBLE,10.156.44.120/32
DHCPNETWORK,INCOMPATIBLE,10.156.44.126/32
DHCPNETWORK,INCOMPATIBLE,10.156.44.131/32
DHCPNETWORK,INCOMPATIBLE,10.156.44.133/32
DHCPNETWORK,INCOMPATIBLE,10.156.44.136/32
DHCPNETWORK,INCOMPATIBLE,10.156.44.128/32
DHCPNETWORK,INCOMPATIBLE,10.156.44.117/32
DHCPNETWORK,INCOMPATIBLE,10.156.44.115/32
DHCPNETWORK,INCOMPATIBLE,10.156.44.141/32
DHCPNETWORK,INCOMPATIBLE,10.156.44.143/32
DHCPNETWORK,INCOMPATIBLE,10.156.44.122/32
DHCPNETWORK,INCOMPATIBLE,10.156.44.145/32
DHCPNETWORK,INCOMPATIBLE,10.156.44.129/32
DHCPNETWORK,INCOMPATIBLE,10.156.44.118/32
DHCPNETWORK,INCOMPATIBLE,10.156.44.107/32
DHCPNETWORK,INCOMPATIBLE,10.156.44.134/32
DHCPNETWORK,INCOMPATIBLE,10.156.41.254/32
DHCPNETWORK,INCOMPATIBLE,10.156.41.253/32
DHCPNETWORK,INCOMPATIBLE,10.156.41.252/32
DHCPNETWORK,INCOMPATIBLE,10.156.41.251/32
DHCPNETWORK,INCOMPATIBLE,10.166.64.25/32
DHCPNETWORK,INCOMPATIBLE,200.4.231.87/32
DHCPNETWORK,INCOMPATIBLE,12.94.61.78/32
DHCPNETWORK,INCOMPATIBLE,75.151.13.253/32
DHCPNETWORK,INCOMPATIBLE,71.42.181.130/32
DHCPNETWORK,INCOMPATIBLE,12.88.18.218/32
DHCPNETWORK,INCOMPATIBLE,131.148.94.42/32
DHCPNETWORK,INCOMPATIBLE,12.87.125.126/32
DHCPNETWORK,INCOMPATIBLE,96.87.153.185/32
DHCPNETWORK,INCOMPATIBLE,12.244.253.110/32
DHCPNETWORK,INCOMPATIBLE,24.172.26.198/32
DHCPNETWORK,INCOMPATIBLE,32.140.35.250/32
DHCPNETWORK,INCOMPATIBLE,96.86.255.33/32
DHCPNETWORK,INCOMPATIBLE,12.89.211.66/32
DHCPNETWORK,INCOMPATIBLE,72.204.214.101/32
DHCPNETWORK,INCOMPATIBLE,12.87.147.54/32
DHCPNETWORK,INCOMPATIBLE,12.147.51.113/32
DHCPNETWORK,INCOMPATIBLE,12.244.3.86/32
DHCPNETWORK,INCOMPATIBLE,12.94.114.26/32
DHCPNETWORK,INCOMPATIBLE,184.182.202.113/32
DHCPNETWORK,INCOMPATIBLE,32.115.101.82/32
DHCPNETWORK,INCOMPATIBLE,69.70.252.130/32
DHCPNETWORK,INCOMPATIBLE,32.115.99.118/32
DHCPNETWORK,INCOMPATIBLE,184.70.62.190/32
DHCPNETWORK,INCOMPATIBLE,12.117.144.30/32
DHCPNETWORK,INCOMPATIBLE,32.141.42.34/32
DHCPNETWORK,INCOMPATIBLE,50.209.102.157/32
DHCPNETWORK,INCOMPATIBLE,10.156.40.128/32
DHCPNETWORK,INCOMPATIBLE,10.156.40.129/32
DHCPNETWORK,INCOMPATIBLE,10.156.44.146/32
DHCPNETWORK,INCOMPATIBLE,10.156.44.147/32
DHCPNETWORK,INCOMPATIBLE,10.156.44.148/32
DHCPNETWORK,INCOMPATIBLE,10.156.44.149/32
DHCPNETWORK,INCOMPATIBLE,10.156.44.150/32
DHCPNETWORK,INCOMPATIBLE,10.156.44.151/32
DHCPNETWORK,INCOMPATIBLE,10.156.44.152/32
DHCPNETWORK,INCOMPATIBLE,10.156.44.153/32
DHCPNETWORK,INCOMPATIBLE,10.156.44.154/32
DHCPNETWORK,INCOMPATIBLE,10.156.44.155/32
DHCPNETWORK,INCOMPATIBLE,10.156.44.156/32
DHCPNETWORK,INCOMPATIBLE,10.156.44.157/32
DHCPNETWORK,INCOMPATIBLE,10.156.44.158/32
DHCPNETWORK,INCOMPATIBLE,10.156.44.159/32
DHCPNETWORK,INCOMPATIBLE,10.156.44.160/32
DHCPNETWORK,INCOMPATIBLE,10.156.44.161/32
DHCPNETWORK,INCOMPATIBLE,10.156.44.162/32
DHCPNETWORK,INCOMPATIBLE,10.156.44.163/32
DHCPNETWORK,INCOMPATIBLE,10.156.44.164/32
DHCPNETWORK,INCOMPATIBLE,10.156.44.165/32
DHCPNETWORK,INCOMPATIBLE,10.156.44.166/32
DHCPNETWORK,INCOMPATIBLE,10.156.44.167/32
DHCPNETWORK,INCOMPATIBLE,10.156.44.168/32
DHCPNETWORK,INCOMPATIBLE,10.156.44.169/32
DHCPNETWORK,INCOMPATIBLE,10.156.44.170/32
DHCPNETWORK,INCOMPATIBLE,10.156.44.171/32
DHCPNETWORK,INCOMPATIBLE,10.156.44.172/32
DHCPNETWORK,INCOMPATIBLE,10.156.46.137/32
DHCPNETWORK,INCOMPATIBLE,10.156.44.173/32
DHCPNETWORK,INCOMPATIBLE,10.156.44.174/32
DHCPNETWORK,INCOMPATIBLE,10.156.44.175/32
DHCPNETWORK,INCOMPATIBLE,10.156.44.176/32
DHCPNETWORK,INCOMPATIBLE,10.156.44.177/32
DHCPNETWORK,INCOMPATIBLE,10.156.44.178/32
DHCPNETWORK,INCOMPATIBLE,10.156.44.179/32
DHCPNETWORK,INCOMPATIBLE,10.156.44.180/32
DHCPNETWORK,INCOMPATIBLE,10.156.47.5/32
DHCPNETWORK,INCOMPATIBLE,10.156.47.6/32
DHCPNETWORK,INCOMPATIBLE,10.156.47.7/32
DHCPNETWORK,INCOMPATIBLE,10.156.47.8/32
DHCPNETWORK,INCOMPATIBLE,10.156.47.10/32
DHCPNETWORK,INCOMPATIBLE,10.156.47.11/32
DHCPNETWORK,INCOMPATIBLE,10.156.47.12/32
DHCPNETWORK,INCOMPATIBLE,10.156.47.13/32
DHCPNETWORK,INCOMPATIBLE,10.156.47.14/32
DHCPNETWORK,INCOMPATIBLE,10.156.47.15/32
DHCPNETWORK,INCOMPATIBLE,10.156.47.16/32
DHCPNETWORK,INCOMPATIBLE,10.156.47.17/32
DHCPNETWORK,INCOMPATIBLE,10.156.47.18/32
DHCPNETWORK,INCOMPATIBLE,10.156.47.19/32
DHCPNETWORK,INCOMPATIBLE,10.156.47.20/32
DHCPNETWORK,INCOMPATIBLE,10.156.47.21/32
DHCPNETWORK,INCOMPATIBLE,10.156.47.22/32
DHCPNETWORK,INCOMPATIBLE,10.156.47.23/32
DHCPNETWORK,INCOMPATIBLE,10.156.47.24/32
DHCPNETWORK,INCOMPATIBLE,10.156.47.25/32
DHCPNETWORK,INCOMPATIBLE,10.156.47.26/32
DHCPNETWORK,INCOMPATIBLE,10.156.47.27/32
DHCPNETWORK,INCOMPATIBLE,10.156.47.28/32
DHCPNETWORK,INCOMPATIBLE,10.156.47.29/32
DHCPNETWORK,INCOMPATIBLE,10.156.47.30/32
DHCPNETWORK,INCOMPATIBLE,10.156.47.31/32
DHCPNETWORK,INCOMPATIBLE,10.156.51.3/32
DHCPNETWORK,INCOMPATIBLE,10.156.51.4/32
DHCPNETWORK,INCOMPATIBLE,10.156.51.5/32
DHCPNETWORK,INCOMPATIBLE,10.156.51.6/32
DHCPNETWORK,INCOMPATIBLE,10.156.44.34/32
DHCPNETWORK,INCOMPATIBLE,10.156.44.35/32
DHCPNETWORK,INCOMPATIBLE,10.156.44.181/32
DHCPNETWORK,INCOMPATIBLE,10.156.42.45/32
DHCPNETWORK,INCOMPATIBLE,10.156.44.182/32
DHCPNETWORK,INCOMPATIBLE,10.156.44.193/32
DHCPNETWORK,INCOMPATIBLE,10.156.44.194/32
DHCPNETWORK,INCOMPATIBLE,10.156.42.88/32
DHCPNETWORK,INCOMPATIBLE,10.156.42.89/32
DHCPNETWORK,INCOMPATIBLE,10.156.44.183/32
DHCPNETWORK,INCOMPATIBLE,10.156.44.184/32
DHCPNETWORK,INCOMPATIBLE,10.156.44.185/32
DHCPNETWORK,INCOMPATIBLE,10.156.44.186/32
DHCPNETWORK,INCOMPATIBLE,10.156.44.187/32
DHCPNETWORK,INCOMPATIBLE,10.156.44.188/32
DHCPNETWORK,INCOMPATIBLE,10.156.44.189/32
DHCPNETWORK,INCOMPATIBLE,10.156.44.190/32
DHCPNETWORK,INCOMPATIBLE,10.156.44.191/32
DHCPNETWORK,INCOMPATIBLE,10.156.44.192/32
DHCPNETWORK,INCOMPATIBLE,10.156.44.195/32
DHCPNETWORK,INCOMPATIBLE,10.156.44.196/32
DHCPNETWORK,INCOMPATIBLE,10.156.44.197/32
DHCPNETWORK,INCOMPATIBLE,10.156.44.198/32
DHCPNETWORK,INCOMPATIBLE,10.156.44.199/32
DHCPNETWORK,INCOMPATIBLE,10.156.44.200/32
DHCPNETWORK,INCOMPATIBLE,10.156.44.201/32
DHCPNETWORK,INCOMPATIBLE,10.156.44.202/32
DHCPNETWORK,INCOMPATIBLE,10.156.44.203/32
DHCPNETWORK,INCOMPATIBLE,10.156.44.204/32
DHCPNETWORK,INCOMPATIBLE,10.156.44.205/32
DHCPNETWORK,INCOMPATIBLE,10.156.44.206/32
DHCPNETWORK,INCOMPATIBLE,10.156.44.207/32
DHCPNETWORK,INCOMPATIBLE,10.156.44.208/32
DHCPNETWORK,INCOMPATIBLE,10.156.40.130/32
DHCPNETWORK,INCOMPATIBLE,10.156.40.131/32
DHCPNETWORK,INCOMPATIBLE,10.156.40.132/32
DHCPNETWORK,INCOMPATIBLE,10.156.40.133/32
DHCPNETWORK,INCOMPATIBLE,10.156.46.138/32
DHCPNETWORK,INCOMPATIBLE,10.156.46.139/32
DHCPNETWORK,INCOMPATIBLE,10.131.4.25/32
DHCPNETWORK,INCOMPATIBLE,10.139.0.254/32
DHCPNETWORK,INCOMPATIBLE,10.156.44.209/32
DHCPNETWORK,INCOMPATIBLE,10.156.44.210/32
DHCPNETWORK,INCOMPATIBLE,10.156.44.211/32
DHCPNETWORK,INCOMPATIBLE,10.156.44.212/32
DHCPNETWORK,INCOMPATIBLE,10.156.44.213/32
DHCPNETWORK,INCOMPATIBLE,10.156.44.214/32
DHCPNETWORK,INCOMPATIBLE,10.156.44.215/32
DHCPNETWORK,INCOMPATIBLE,10.156.44.216/32
DHCPNETWORK,INCOMPATIBLE,10.156.44.217/32
DHCPNETWORK,INCOMPATIBLE,10.193.136.254/32
DHCPNETWORK,INCOMPATIBLE,10.193.136.253/32
DHCPNETWORK,INCOMPATIBLE,10.193.136.252/32
DHCPNETWORK,INCOMPATIBLE,10.156.42.74/32
DHCPNETWORK,INCOMPATIBLE,10.156.42.75/32
DHCPNETWORK,INCOMPATIBLE,12.116.225.22/32
DHCPNETWORK,INCOMPATIBLE,23.24.113.69/32
DHCPNETWORK,INCOMPATIBLE,32.115.103.118/32
DHCPNETWORK,INCOMPATIBLE,32.115.99.218/32
DHCPNETWORK,INCOMPATIBLE,32.140.180.110/32
DHCPNETWORK,INCOMPATIBLE,24.199.254.78/32
DHCPNETWORK,INCOMPATIBLE,32.141.15.150/32
DHCPNETWORK,INCOMPATIBLE,32.140.237.114/32
DHCPNETWORK,INCOMPATIBLE,12.104.148.11/32
DHCPNETWORK,INCOMPATIBLE,12.90.7.246/32
DHCPNETWORK,INCOMPATIBLE,32.140.170.46/32
DHCPNETWORK,INCOMPATIBLE,24.123.243.230/32
DHCPNETWORK,INCOMPATIBLE,12.91.60.170/32
DHCPNETWORK,INCOMPATIBLE,32.140.158.146/32
DHCPNETWORK,INCOMPATIBLE,12.90.63.74/32
DHCPNETWORK,INCOMPATIBLE,67.53.144.82/32
DHCPNETWORK,INCOMPATIBLE,12.244.254.198/32
DHCPNETWORK,INCOMPATIBLE,12.91.161.122/32
DHCPNETWORK,INCOMPATIBLE,32.140.137.110/32
DHCPNETWORK,INCOMPATIBLE,32.140.137.114/32
DHCPNETWORK,INCOMPATIBLE,96.66.154.173/32
DHCPNETWORK,INCOMPATIBLE,32.115.99.146/32
DHCPNETWORK,INCOMPATIBLE,12.116.77.190/32
DHCPNETWORK,INCOMPATIBLE,98.191.38.2/32
DHCPNETWORK,INCOMPATIBLE,12.90.101.250/32
DHCPNETWORK,INCOMPATIBLE,12.247.222.246/32
DHCPNETWORK,INCOMPATIBLE,12.88.106.142/32
DHCPNETWORK,INCOMPATIBLE,32.140.180.138/32
DHCPNETWORK,INCOMPATIBLE,32.140.133.166/32
DHCPNETWORK,INCOMPATIBLE,184.190.53.106/32
DHCPNETWORK,INCOMPATIBLE,206.121.81.94/32
DHCPNETWORK,INCOMPATIBLE,32.115.118.114/32
DHCPNETWORK,INCOMPATIBLE,69.70.114.74/32
DHCPNETWORK,INCOMPATIBLE,32.115.124.54/32
DHCPNETWORK,INCOMPATIBLE,32.115.99.150/32
DHCPNETWORK,INCOMPATIBLE,184.71.179.190/32
DHCPNETWORK,INCOMPATIBLE,12.244.95.162/32
DHCPNETWORK,INCOMPATIBLE,24.43.3.210/32
DHCPNETWORK,INCOMPATIBLE,12.124.182.182/32
DHCPNETWORK,INCOMPATIBLE,50.199.152.153/32
DHCPNETWORK,INCOMPATIBLE,12.88.226.142/32
DHCPNETWORK,INCOMPATIBLE,45.3.212.102/32
DHCPNETWORK,INCOMPATIBLE,12.87.92.30/32
DHCPNETWORK,INCOMPATIBLE,32.140.131.14/32
DHCPNETWORK,INCOMPATIBLE,74.218.110.86/32
DHCPNETWORK,INCOMPATIBLE,12.89.40.90/32
DHCPNETWORK,INCOMPATIBLE,12.248.229.234/32
DHCPNETWORK,INCOMPATIBLE,70.166.146.219/32
DHCPNETWORK,INCOMPATIBLE,12.249.163.82/32
DHCPNETWORK,INCOMPATIBLE,12.116.225.30/32
DHCPNETWORK,INCOMPATIBLE,50.211.57.141/32
DHCPNETWORK,INCOMPATIBLE,32.141.15.58/32
DHCPNETWORK,INCOMPATIBLE,32.141.27.2/32
DHCPNETWORK,INCOMPATIBLE,47.49.242.6/32
DHCPNETWORK,INCOMPATIBLE,12.124.102.126/32
DHCPNETWORK,INCOMPATIBLE,24.242.179.142/32
DHCPNETWORK,INCOMPATIBLE,32.141.16.178/32
DHCPNETWORK,INCOMPATIBLE,50.211.220.85/32
DHCPNETWORK,INCOMPATIBLE,32.140.202.50/32
DHCPNETWORK,INCOMPATIBLE,32.140.214.38/32
DHCPNETWORK,INCOMPATIBLE,12.94.251.106/32
DHCPNETWORK,INCOMPATIBLE,50.243.10.237/32
DHCPNETWORK,INCOMPATIBLE,12.244.64.70/32
DHCPNETWORK,INCOMPATIBLE,96.87.79.41/32
DHCPNETWORK,INCOMPATIBLE,32.115.103.214/32
DHCPNETWORK,INCOMPATIBLE,32.115.103.222/32
DHCPNETWORK,INCOMPATIBLE,104.157.124.14/32
DHCPNETWORK,INCOMPATIBLE,32.141.70.178/32
DHCPNETWORK,INCOMPATIBLE,75.151.77.205/32
DHCPNETWORK,INCOMPATIBLE,32.140.99.210/32
DHCPNETWORK,INCOMPATIBLE,50.195.145.73/32
DHCPNETWORK,INCOMPATIBLE,10.132.223.249/32
DHCPNETWORK,INCOMPATIBLE,10.136.32.117/32
DHCPNETWORK,INCOMPATIBLE,10.136.120.255/32
DHCPNETWORK,INCOMPATIBLE,10.156.46.140/32
DHCPNETWORK,INCOMPATIBLE,10.156.46.141/32
DHCPNETWORK,INCOMPATIBLE,10.156.46.142/32
DHCPNETWORK,INCOMPATIBLE,10.156.46.143/32
DHCPNETWORK,INCOMPATIBLE,10.156.46.144/32
DHCPNETWORK,INCOMPATIBLE,10.156.46.145/32
DHCPNETWORK,INCOMPATIBLE,10.156.46.146/32
DHCPNETWORK,INCOMPATIBLE,10.156.46.147/32
DHCPNETWORK,INCOMPATIBLE,10.147.61.252/32
DHCPNETWORK,INCOMPATIBLE,10.147.61.253/32
DHCPNETWORK,INCOMPATIBLE,10.148.3.255/32
DHCPNETWORK,INCOMPATIBLE,10.163.123.25/32
DHCPNETWORK,INCOMPATIBLE,10.163.123.26/32
DHCPNETWORK,INCOMPATIBLE,10.170.86.26/32
DHCPNETWORK,INCOMPATIBLE,10.186.200.205/32
DHCPNETWORK,INCOMPATIBLE,10.192.44.254/32
DHCPNETWORK,INCOMPATIBLE,10.205.250.242/32
DHCPNETWORK,INCOMPATIBLE,10.205.250.252/32
DHCPNETWORK,INCOMPATIBLE,10.220.2.1/32
DHCPNETWORK,INCOMPATIBLE,10.156.50.11/32
DHCPNETWORK,INCOMPATIBLE,10.156.50.12/32
DHCPNETWORK,INCOMPATIBLE,10.156.50.13/32
DHCPNETWORK,INCOMPATIBLE,10.156.50.14/32
DHCPNETWORK,INCOMPATIBLE,10.156.50.15/32
DHCPNETWORK,INCOMPATIBLE,10.156.50.16/32
DHCPNETWORK,INCOMPATIBLE,10.156.50.17/32
DHCPNETWORK,INCOMPATIBLE,10.156.50.18/32
DHCPNETWORK,INCOMPATIBLE,10.156.50.19/32
DHCPNETWORK,INCOMPATIBLE,10.156.50.20/32
DHCPNETWORK,INCOMPATIBLE,10.156.50.21/32
DHCPNETWORK,INCOMPATIBLE,10.156.50.22/32
DHCPNETWORK,INCOMPATIBLE,10.156.50.23/32
DHCPNETWORK,INCOMPATIBLE,10.156.50.24/32
DHCPNETWORK,INCOMPATIBLE,10.156.50.25/32
DHCPNETWORK,INCOMPATIBLE,10.156.50.26/32
DHCPNETWORK,INCOMPATIBLE,10.156.50.27/32
DHCPNETWORK,INCOMPATIBLE,10.156.50.28/32
DHCPNETWORK,INCOMPATIBLE,10.156.50.29/32
DHCPNETWORK,INCOMPATIBLE,10.156.50.30/32
DHCPNETWORK,INCOMPATIBLE,10.156.50.31/32
DHCPNETWORK,INCOMPATIBLE,10.156.50.32/32
DHCPNETWORK,INCOMPATIBLE,10.156.50.33/32
DHCPNETWORK,INCOMPATIBLE,10.156.50.34/32
DHCPNETWORK,INCOMPATIBLE,10.156.50.35/32
DHCPNETWORK,INCOMPATIBLE,10.156.50.36/32
DHCPNETWORK,INCOMPATIBLE,10.156.50.37/32
DHCPNETWORK,INCOMPATIBLE,10.156.50.38/32
DHCPNETWORK,INCOMPATIBLE,10.156.50.39/32
DHCPNETWORK,INCOMPATIBLE,10.156.48.3/32
DHCPNETWORK,INCOMPATIBLE,10.156.48.4/32
DHCPNETWORK,INCOMPATIBLE,10.156.48.5/32
DHCPNETWORK,INCOMPATIBLE,10.156.48.6/32
DHCPNETWORK,INCOMPATIBLE,10.156.48.7/32
DHCPNETWORK,INCOMPATIBLE,10.156.48.8/32
DHCPNETWORK,INCOMPATIBLE,10.156.48.9/32
DHCPNETWORK,INCOMPATIBLE,10.156.48.11/32
DHCPNETWORK,INCOMPATIBLE,10.156.48.12/32
DHCPNETWORK,INCOMPATIBLE,10.156.48.13/32
DHCPNETWORK,INCOMPATIBLE,10.156.48.16/32
DHCPNETWORK,INCOMPATIBLE,10.156.48.18/32
DHCPNETWORK,INCOMPATIBLE,10.156.48.19/32
DHCPNETWORK,INCOMPATIBLE,10.156.48.20/32
DHCPNETWORK,INCOMPATIBLE,10.156.48.21/32
DHCPNETWORK,INCOMPATIBLE,10.156.48.22/32
DHCPNETWORK,INCOMPATIBLE,10.156.48.23/32
DHCPNETWORK,INCOMPATIBLE,10.156.48.24/32
DHCPNETWORK,INCOMPATIBLE,10.156.48.25/32
DHCPNETWORK,INCOMPATIBLE,10.156.48.26/32
DHCPNETWORK,INCOMPATIBLE,10.156.48.27/32
DHCPNETWORK,INCOMPATIBLE,10.156.48.28/32
DHCPNETWORK,INCOMPATIBLE,10.156.48.29/32
DHCPNETWORK,INCOMPATIBLE,10.156.48.30/32
DHCPNETWORK,INCOMPATIBLE,10.156.48.31/32
DHCPNETWORK,INCOMPATIBLE,10.156.48.32/32
DHCPNETWORK,INCOMPATIBLE,10.156.42.90/32
DHCPNETWORK,INCOMPATIBLE,10.156.42.91/32
DHCPNETWORK,INCOMPATIBLE,10.156.44.218/32
DHCPNETWORK,INCOMPATIBLE,10.156.44.219/32
DHCPNETWORK,INCOMPATIBLE,10.156.42.92/32
DHCPNETWORK,INCOMPATIBLE,10.156.42.93/32
DHCPNETWORK,INCOMPATIBLE,10.177.255.100/32
DHCPNETWORK,INCOMPATIBLE,10.177.255.101/32
DHCPNETWORK,INCOMPATIBLE,10.177.255.102/32
DHCPNETWORK,INCOMPATIBLE,10.177.255.103/32
DHCPNETWORK,INCOMPATIBLE,10.177.255.104/32
DHCPNETWORK,INCOMPATIBLE,10.177.255.105/32
DHCPNETWORK,INCOMPATIBLE,10.177.255.106/32
DHCPNETWORK,INCOMPATIBLE,10.177.255.107/32
DHCPNETWORK,INCOMPATIBLE,10.177.255.108/32
DHCPNETWORK,INCOMPATIBLE,10.177.255.109/32
DHCPNETWORK,INCOMPATIBLE,10.177.255.110/32
DHCPNETWORK,INCOMPATIBLE,10.177.255.111/32
DHCPNETWORK,INCOMPATIBLE,10.177.255.112/32
DHCPNETWORK,INCOMPATIBLE,10.177.255.113/32
DHCPNETWORK,INCOMPATIBLE,10.177.255.114/32
DHCPNETWORK,INCOMPATIBLE,10.177.255.115/32
DHCPNETWORK,INCOMPATIBLE,10.177.255.116/32
DHCPNETWORK,INCOMPATIBLE,10.177.255.117/32
DHCPNETWORK,INCOMPATIBLE,10.177.255.118/32
DHCPNETWORK,INCOMPATIBLE,10.177.255.119/32
DHCPNETWORK,INCOMPATIBLE,10.177.255.121/32
DHCPNETWORK,INCOMPATIBLE,10.177.255.122/32
DHCPNETWORK,INCOMPATIBLE,10.177.255.123/32
DHCPNETWORK,INCOMPATIBLE,10.177.255.124/32
DHCPNETWORK,INCOMPATIBLE,10.177.255.125/32
DHCPNETWORK,INCOMPATIBLE,10.177.255.126/32
DHCPNETWORK,INCOMPATIBLE,10.177.255.127/32
DHCPNETWORK,INCOMPATIBLE,10.177.255.128/32
DHCPNETWORK,INCOMPATIBLE,10.177.255.129/32
DHCPNETWORK,INCOMPATIBLE,10.177.255.130/32
DHCPNETWORK,INCOMPATIBLE,10.177.255.131/32
DHCPNETWORK,INCOMPATIBLE,10.177.255.134/32
DHCPNETWORK,INCOMPATIBLE,10.177.255.136/32
DHCPNETWORK,INCOMPATIBLE,10.177.255.137/32
DHCPNETWORK,INCOMPATIBLE,10.177.255.139/32
DHCPNETWORK,INCOMPATIBLE,10.177.255.143/32
DHCPNETWORK,INCOMPATIBLE,10.177.255.145/32
DHCPNETWORK,INCOMPATIBLE,10.177.255.146/32
DHCPNETWORK,INCOMPATIBLE,10.177.255.147/32
DHCPNETWORK,INCOMPATIBLE,10.177.255.151/32
DHCPNETWORK,INCOMPATIBLE,10.177.255.152/32
DHCPNETWORK,INCOMPATIBLE,10.177.255.156/32
DHCPNETWORK,INCOMPATIBLE,10.177.255.157/32
DHCPNETWORK,INCOMPATIBLE,10.177.255.158/32
DHCPNETWORK,INCOMPATIBLE,10.177.255.161/32
DHCPNETWORK,INCOMPATIBLE,10.177.255.162/32
DHCPNETWORK,INCOMPATIBLE,10.177.255.163/32
DHCPNETWORK,INCOMPATIBLE,10.177.255.167/32
DHCPNETWORK,INCOMPATIBLE,10.177.255.172/32
DHCPNETWORK,INCOMPATIBLE,10.177.255.181/32
DHCPNETWORK,INCOMPATIBLE,10.177.255.182/32
DHCPNETWORK,INCOMPATIBLE,10.177.255.183/32
DHCPNETWORK,INCOMPATIBLE,10.177.255.185/32
DHCPNETWORK,INCOMPATIBLE,10.177.255.187/32
DHCPNETWORK,INCOMPATIBLE,10.177.255.189/32
DHCPNETWORK,INCOMPATIBLE,10.177.255.190/32
DHCPNETWORK,INCOMPATIBLE,10.177.255.191/32
DHCPNETWORK,INCOMPATIBLE,10.177.255.192/32
DHCPNETWORK,INCOMPATIBLE,10.177.255.193/32
DHCPNETWORK,INCOMPATIBLE,10.177.255.194/32
DHCPNETWORK,INCOMPATIBLE,10.177.255.195/32
DHCPNETWORK,INCOMPATIBLE,10.177.255.196/32
DHCPNETWORK,INCOMPATIBLE,10.177.255.197/32
DHCPNETWORK,INCOMPATIBLE,10.177.255.198/32
DHCPNETWORK,INCOMPATIBLE,10.177.255.199/32
DHCPNETWORK,INCOMPATIBLE,10.177.255.200/32
DHCPNETWORK,INCOMPATIBLE,10.177.255.201/32
DHCPNETWORK,INCOMPATIBLE,10.177.255.202/32
DHCPNETWORK,INCOMPATIBLE,10.177.255.204/32
DHCPNETWORK,INCOMPATIBLE,10.177.255.205/32
DHCPNETWORK,INCOMPATIBLE,10.177.255.206/32
DHCPNETWORK,INCOMPATIBLE,10.177.255.207/32
DHCPNETWORK,INCOMPATIBLE,10.177.255.208/32
DHCPNETWORK,INCOMPATIBLE,10.177.255.209/32
DHCPNETWORK,INCOMPATIBLE,10.177.255.210/32
DHCPNETWORK,INCOMPATIBLE,10.177.255.211/32
DHCPNETWORK,INCOMPATIBLE,10.177.255.212/32
DHCPNETWORK,INCOMPATIBLE,10.177.255.213/32
DHCPNETWORK,INCOMPATIBLE,10.177.255.214/32
DHCPNETWORK,INCOMPATIBLE,10.177.255.217/32
DHCPNETWORK,INCOMPATIBLE,10.177.255.218/32
DHCPNETWORK,INCOMPATIBLE,10.177.255.219/32
DHCPNETWORK,INCOMPATIBLE,10.177.255.220/32
DHCPNETWORK,INCOMPATIBLE,10.177.255.221/32
DHCPNETWORK,INCOMPATIBLE,10.177.255.223/32
DHCPNETWORK,INCOMPATIBLE,10.177.255.224/32
DHCPNETWORK,INCOMPATIBLE,10.177.255.225/32
DHCPNETWORK,INCOMPATIBLE,10.177.255.226/32
DHCPNETWORK,INCOMPATIBLE,10.177.255.227/32
DHCPNETWORK,INCOMPATIBLE,10.177.255.228/32
DHCPNETWORK,INCOMPATIBLE,10.177.255.229/32
DHCPNETWORK,INCOMPATIBLE,10.177.255.230/32
DHCPNETWORK,INCOMPATIBLE,10.177.255.231/32
DHCPNETWORK,INCOMPATIBLE,10.177.255.36/32
DHCPNETWORK,INCOMPATIBLE,10.177.255.40/32
DHCPNETWORK,INCOMPATIBLE,10.177.255.56/32
DHCPNETWORK,INCOMPATIBLE,10.177.255.57/32
DHCPNETWORK,INCOMPATIBLE,10.177.255.60/32
DHCPNETWORK,INCOMPATIBLE,10.177.255.9/32
DHCPNETWORK,INCOMPATIBLE,10.156.44.220/32
DHCPNETWORK,INCOMPATIBLE,10.156.44.221/32
DHCPNETWORK,INCOMPATIBLE,10.156.46.148/32
DHCPNETWORK,INCOMPATIBLE,10.156.47.32/32
DHCPNETWORK,INCOMPATIBLE,10.156.44.222/32
DHCPNETWORK,INCOMPATIBLE,10.156.44.223/32
DHCPNETWORK,INCOMPATIBLE,10.156.44.224/32
DHCPNETWORK,INCOMPATIBLE,10.156.44.225/32
DHCPNETWORK,INCOMPATIBLE,10.156.44.226/32
DHCPNETWORK,INCOMPATIBLE,10.156.44.227/32
DHCPNETWORK,INCOMPATIBLE,10.156.47.33/32
DHCPNETWORK,INCOMPATIBLE,10.156.42.94/32
DHCPNETWORK,INCOMPATIBLE,10.156.42.95/32
DHCPNETWORK,INCOMPATIBLE,10.156.42.96/32
DHCPNETWORK,INCOMPATIBLE,10.156.42.97/32
DHCPNETWORK,INCOMPATIBLE,10.156.42.98/32
DHCPNETWORK,INCOMPATIBLE,10.156.42.99/32
DHCPNETWORK,INCOMPATIBLE,10.156.42.100/32
DHCPNETWORK,INCOMPATIBLE,10.156.42.101/32
DHCPNETWORK,INCOMPATIBLE,10.156.47.34/32
DHCPNETWORK,INCOMPATIBLE,10.156.41.250/32
DHCPNETWORK,INCOMPATIBLE,10.156.43.129/32
DHCPNETWORK,INCOMPATIBLE,10.156.47.35/32
DHCPNETWORK,INCOMPATIBLE,10.156.47.36/32
DHCPNETWORK,INCOMPATIBLE,10.156.47.37/32
DHCPNETWORK,INCOMPATIBLE,10.156.47.38/32
DHCPNETWORK,INCOMPATIBLE,10.156.47.39/32
DHCPNETWORK,INCOMPATIBLE,10.156.47.40/32
DHCPNETWORK,INCOMPATIBLE,10.156.40.134/32
DHCPNETWORK,INCOMPATIBLE,10.156.40.135/32
DHCPNETWORK,INCOMPATIBLE,10.156.43.130/32
DHCPNETWORK,INCOMPATIBLE,10.156.43.131/32
DHCPNETWORK,INCOMPATIBLE,10.156.43.132/32
DHCPNETWORK,INCOMPATIBLE,10.156.43.133/32
DHCPNETWORK,INCOMPATIBLE,10.156.43.134/32
DHCPNETWORK,INCOMPATIBLE,10.156.43.135/32
DHCPNETWORK,INCOMPATIBLE,10.156.44.228/32
DHCPNETWORK,INCOMPATIBLE,10.156.44.229/32
DHCPNETWORK,INCOMPATIBLE,10.156.47.41/32
DHCPNETWORK,INCOMPATIBLE,10.156.44.230/32
DHCPNETWORK,INCOMPATIBLE,10.156.44.231/32
DHCPNETWORK,INCOMPATIBLE,10.156.40.136/32
DHCPNETWORK,INCOMPATIBLE,10.156.46.149/32
DHCPNETWORK,INCOMPATIBLE,10.156.46.150/32
DHCPNETWORK,INCOMPATIBLE,10.156.46.151/32
DHCPNETWORK,INCOMPATIBLE,10.156.46.152/32
DHCPNETWORK,INCOMPATIBLE,10.156.46.153/32
DHCPNETWORK,INCOMPATIBLE,10.156.46.154/32
DHCPNETWORK,INCOMPATIBLE,10.156.46.155/32
DHCPNETWORK,INCOMPATIBLE,10.156.46.156/32
DHCPNETWORK,INCOMPATIBLE,10.156.46.157/32
DHCPNETWORK,INCOMPATIBLE,10.156.46.160/32
DHCPNETWORK,INCOMPATIBLE,10.156.46.161/32
DHCPNETWORK,INCOMPATIBLE,10.156.46.162/32
DHCPNETWORK,INCOMPATIBLE,10.156.46.163/32
DHCPNETWORK,INCOMPATIBLE,10.156.46.164/32
DHCPNETWORK,INCOMPATIBLE,10.156.46.165/32
DHCPNETWORK,INCOMPATIBLE,10.156.46.166/32
DHCPNETWORK,INCOMPATIBLE,10.156.46.167/32
DHCPNETWORK,INCOMPATIBLE,10.156.46.168/32
DHCPNETWORK,INCOMPATIBLE,10.156.46.169/32
DHCPNETWORK,INCOMPATIBLE,10.156.46.170/32
DHCPNETWORK,INCOMPATIBLE,10.156.46.171/32
DHCPNETWORK,INCOMPATIBLE,10.156.43.136/32
DHCPNETWORK,INCOMPATIBLE,10.156.43.137/32
DHCPNETWORK,INCOMPATIBLE,10.156.43.138/32
DHCPNETWORK,INCOMPATIBLE,10.156.43.139/32
DHCPNETWORK,INCOMPATIBLE,10.156.43.140/32
DHCPNETWORK,INCOMPATIBLE,10.156.43.141/32
DHCPNETWORK,INCOMPATIBLE,10.156.43.142/32
DHCPNETWORK,INCOMPATIBLE,10.156.43.143/32
DHCPNETWORK,INCOMPATIBLE,10.156.43.144/32
DHCPNETWORK,INCOMPATIBLE,10.156.43.145/32
DHCPNETWORK,INCOMPATIBLE,10.156.43.146/32
DHCPNETWORK,INCOMPATIBLE,10.156.43.147/32
DHCPNETWORK,INCOMPATIBLE,10.156.43.148/32
DHCPNETWORK,INCOMPATIBLE,10.156.43.149/32
DHCPNETWORK,INCOMPATIBLE,10.156.43.150/32
DHCPNETWORK,INCOMPATIBLE,10.156.43.151/32
DHCPNETWORK,INCOMPATIBLE,10.156.43.152/32
DHCPNETWORK,INCOMPATIBLE,10.156.43.153/32
DHCPNETWORK,INCOMPATIBLE,10.156.43.154/32
DHCPNETWORK,INCOMPATIBLE,10.156.43.155/32
DHCPNETWORK,INCOMPATIBLE,10.156.43.156/32
DHCPNETWORK,INCOMPATIBLE,10.156.43.157/32
DHCPNETWORK,INCOMPATIBLE,10.156.47.42/32
DHCPNETWORK,INCOMPATIBLE,10.156.47.43/32
DHCPNETWORK,INCOMPATIBLE,10.156.47.44/32
DHCPNETWORK,INCOMPATIBLE,10.156.47.45/32
DHCPNETWORK,INCOMPATIBLE,10.156.47.46/32
DHCPNETWORK,INCOMPATIBLE,10.156.47.47/32
DHCPNETWORK,INCOMPATIBLE,10.156.47.48/32
DHCPNETWORK,INCOMPATIBLE,10.156.47.49/32
DHCPNETWORK,INCOMPATIBLE,10.156.47.50/32
DHCPNETWORK,INCOMPATIBLE,10.156.47.51/32
DHCPNETWORK,INCOMPATIBLE,10.156.47.52/32
DHCPNETWORK,INCOMPATIBLE,10.156.44.232/32
DHCPNETWORK,INCOMPATIBLE,10.156.44.233/32
DHCPNETWORK,INCOMPATIBLE,10.156.44.234/32
DHCPNETWORK,INCOMPATIBLE,10.156.44.235/32
DHCPNETWORK,INCOMPATIBLE,10.156.44.236/32
DHCPNETWORK,INCOMPATIBLE,10.156.44.237/32
DHCPNETWORK,INCOMPATIBLE,10.156.44.238/32
DHCPNETWORK,INCOMPATIBLE,10.156.44.239/32
DHCPNETWORK,INCOMPATIBLE,10.156.44.240/32
DHCPNETWORK,INCOMPATIBLE,10.156.44.241/32
DHCPNETWORK,INCOMPATIBLE,10.156.44.242/32
DHCPNETWORK,INCOMPATIBLE,10.156.44.243/32
DHCPNETWORK,INCOMPATIBLE,10.156.44.244/32
DHCPNETWORK,INCOMPATIBLE,10.156.44.245/32
DHCPNETWORK,INCOMPATIBLE,10.156.44.246/32
DHCPNETWORK,INCOMPATIBLE,10.156.44.250/32
DHCPNETWORK,INCOMPATIBLE,10.156.44.251/32
DHCPNETWORK,INCOMPATIBLE,10.156.44.252/32
DHCPNETWORK,INCOMPATIBLE,10.156.44.253/32
DHCPNETWORK,INCOMPATIBLE,10.156.44.254/32
DHCPNETWORK,INCOMPATIBLE,83.219.214.20/32
DHCPNETWORK,INCOMPATIBLE,83.219.214.17/32
DHCPNETWORK,INCOMPATIBLE,10.156.48.33/32
DHCPNETWORK,INCOMPATIBLE,10.156.48.34/32
DHCPNETWORK,INCOMPATIBLE,10.128.192.98/32
DHCPNETWORK,INCOMPATIBLE,10.141.108.254/32
DHCPNETWORK,INCOMPATIBLE,80.14.103.146/32
DHCPNETWORK,INCOMPATIBLE,10.187.191.254/32
DHCPNETWORK,INCOMPATIBLE,32.141.44.6/32
DHCPNETWORK,INCOMPATIBLE,173.160.181.145/32
DHCPNETWORK,INCOMPATIBLE,12.94.207.110/32
DHCPNETWORK,INCOMPATIBLE,47.50.117.150/32
DHCPNETWORK,INCOMPATIBLE,50.209.90.197/32
DHCPNETWORK,INCOMPATIBLE,12.125.104.74/32
DHCPNETWORK,INCOMPATIBLE,96.66.183.149/32
DHCPNETWORK,INCOMPATIBLE,12.94.119.210/32
DHCPNETWORK,INCOMPATIBLE,10.143.20.254/32
DHCPNETWORK,INCOMPATIBLE,10.143.64.254/32
DHCPNETWORK,INCOMPATIBLE,10.166.168.25/32
DHCPNETWORK,INCOMPATIBLE,10.159.96.25/32
DHCPNETWORK,INCOMPATIBLE,10.161.84.25/32
DHCPNETWORK,INCOMPATIBLE,10.160.32.25/32
DHCPNETWORK,INCOMPATIBLE,10.216.137.253/32
DHCPNETWORK,INCOMPATIBLE,10.199.21.1/32
DHCPNETWORK,INCOMPATIBLE,10.216.247.141/32
DHCPNETWORK,INCOMPATIBLE,10.187.242.255/32
DHCPNETWORK,INCOMPATIBLE,10.196.67.254/32
DHCPNETWORK,INCOMPATIBLE,10.162.8.25/32
DHCPNETWORK,INCOMPATIBLE,10.211.79.254/32
DHCPNETWORK,INCOMPATIBLE,10.170.38.26/32
DHCPNETWORK,INCOMPATIBLE,10.163.156.25/32
DHCPNETWORK,INCOMPATIBLE,10.163.156.26/32
DHCPNETWORK,INCOMPATIBLE,10.163.160.25/32
DHCPNETWORK,INCOMPATIBLE,10.163.160.26/32
DHCPNETWORK,INCOMPATIBLE,10.163.160.28/32
DHCPNETWORK,INCOMPATIBLE,10.166.5.132/32
DHCPNETWORK,INCOMPATIBLE,10.166.5.129/32
DHCPNETWORK,INCOMPATIBLE,10.166.5.130/32
DHCPNETWORK,INCOMPATIBLE,10.166.26.25/32
DHCPNETWORK,INCOMPATIBLE,10.166.216.21/32
DHCPNETWORK,INCOMPATIBLE,10.166.240.25/32
DHCPNETWORK,INCOMPATIBLE,10.169.0.29/32
DHCPNETWORK,INCOMPATIBLE,10.169.0.25/32
DHCPNETWORK,INCOMPATIBLE,10.170.118.25/32
DHCPNETWORK,INCOMPATIBLE,10.170.118.26/32
DHCPNETWORK,INCOMPATIBLE,10.170.244.25/32
DHCPNETWORK,INCOMPATIBLE,10.170.172.25/32
DHCPNETWORK,INCOMPATIBLE,10.171.16.25/32
DHCPNETWORK,INCOMPATIBLE,10.171.144.28/32
DHCPNETWORK,INCOMPATIBLE,10.171.144.25/32
DHCPNETWORK,INCOMPATIBLE,10.171.224.28/32
DHCPNETWORK,INCOMPATIBLE,10.171.224.25/32
DHCPNETWORK,INCOMPATIBLE,10.172.0.25/32
DHCPNETWORK,INCOMPATIBLE,10.172.64.25/32
DHCPNETWORK,INCOMPATIBLE,10.172.64.26/32
DHCPNETWORK,INCOMPATIBLE,10.172.64.28/32
DHCPNETWORK,INCOMPATIBLE,10.173.0.25/32
DHCPNETWORK,INCOMPATIBLE,10.173.0.27/32
DHCPNETWORK,INCOMPATIBLE,10.173.0.252/32
DHCPNETWORK,INCOMPATIBLE,10.174.60.25/32
DHCPNETWORK,INCOMPATIBLE,10.175.64.25/32
DHCPNETWORK,INCOMPATIBLE,10.175.156.25/32
DHCPNETWORK,INCOMPATIBLE,10.218.112.25/32
DHCPNETWORK,INCOMPATIBLE,10.228.63.34/32
DHCPNETWORK,INCOMPATIBLE,10.228.142.25/32
DHCPNETWORK,INCOMPATIBLE,10.228.142.26/32
DHCPNETWORK,INCOMPATIBLE,10.228.142.28/32
DHCPNETWORK,INCOMPATIBLE,10.228.189.26/32
DHCPNETWORK,INCOMPATIBLE,10.228.189.25/32
DHCPNETWORK,INCOMPATIBLE,10.170.164.25/32
DHCPNETWORK,INCOMPATIBLE,10.170.248.25/32
DHCPNETWORK,INCOMPATIBLE,10.172.160.25/32
DHCPNETWORK,INCOMPATIBLE,10.175.192.25/32
DHCPNETWORK,INCOMPATIBLE,10.211.77.254/32
DHCPNETWORK,INCOMPATIBLE,10.170.186.26/32
DHCPNETWORK,INCOMPATIBLE,10.156.44.255/32
DHCPNETWORK,INCOMPATIBLE,10.156.45.0/32
DHCPNETWORK,INCOMPATIBLE,10.156.45.1/32
DHCPNETWORK,INCOMPATIBLE,10.156.45.2/32
DHCPNETWORK,INCOMPATIBLE,10.156.45.3/32
DHCPNETWORK,INCOMPATIBLE,10.156.45.4/32
DHCPNETWORK,INCOMPATIBLE,10.156.45.5/32
DHCPNETWORK,INCOMPATIBLE,10.156.45.6/32
DHCPNETWORK,INCOMPATIBLE,10.156.42.102/32
DHCPNETWORK,INCOMPATIBLE,10.156.43.192/32
DHCPNETWORK,INCOMPATIBLE,10.156.43.193/32
DHCPNETWORK,INCOMPATIBLE,10.156.43.194/32
DHCPNETWORK,INCOMPATIBLE,10.156.43.195/32
DHCPNETWORK,INCOMPATIBLE,10.156.43.196/32
DHCPNETWORK,INCOMPATIBLE,10.156.43.197/32
DHCPNETWORK,INCOMPATIBLE,10.156.40.137/32
DHCPNETWORK,INCOMPATIBLE,10.156.40.138/32
DHCPNETWORK,INCOMPATIBLE,10.156.40.139/32
DHCPNETWORK,INCOMPATIBLE,10.156.40.140/32
DHCPNETWORK,INCOMPATIBLE,217.128.200.151/32
DHCPNETWORK,INCOMPATIBLE,87.193.148.170/32
DHCPNETWORK,INCOMPATIBLE,213.248.179.243/32
DHCPNETWORK,INCOMPATIBLE,188.3.123.122/32
DHCPNETWORK,INCOMPATIBLE,10.156.45.7/32
DHCPNETWORK,INCOMPATIBLE,10.156.45.8/32
DHCPNETWORK,INCOMPATIBLE,10.156.47.53/32
DHCPNETWORK,INCOMPATIBLE,10.156.47.54/32
DHCPNETWORK,INCOMPATIBLE,10.156.47.55/32
DHCPNETWORK,INCOMPATIBLE,10.156.47.56/32
DHCPNETWORK,INCOMPATIBLE,10.156.47.57/32
DHCPNETWORK,INCOMPATIBLE,10.156.45.9/32
DHCPOPTION,VALIDATION_NEEDED,NETWORK,10.149.51.0/24,DHCP,43,f1:04:0a:95:2f:82
DHCPOPTION,VALIDATION_NEEDED,NETWORK,10.149.48.0/24,DHCP,43,f1:04:0a:95:2f:82
DHCPOPTION,VALIDATION_NEEDED,NETWORK,10.149.2.0/24,DHCP,43,f1:04:0a:95:2f:82
DHCPOPTION,VALIDATION_NEEDED,NETWORK,10.149.50.0/24,DHCP,43,f1:04:0a:95:2f:82
DHCPOPTION,VALIDATION_NEEDED,NETWORK,10.200.31.0/25,DHCP,43,f1:04:0a:c8:1f:22
DHCPOPTION,VALIDATION_NEEDED,NETWORK,10.149.53.16/29,DHCP,43,f1:04:0a:95:2f:82
DHCPOPTION,VALIDATION_NEEDED,NETWORK,10.206.40.0/24,DHCP,43,f1:04:0a:c6:66:46
DHCPOPTION,VALIDATION_NEEDED,NETWORK,139.158.27.0/24,DHCP,43,f1:08:0a:c6:08:36:0a:c6:08:37
DHCPOPTION,VALIDATION_NEEDED,NETWORK,10.184.98.0/23,DHCP,43,10:23:61:30:20
DHCPOPTION,VALIDATION_NEEDED,NETWORK,10.187.174.0/23,DHCP,43,f1:04:0a:bb:b3:15
DHCPOPTION,VALIDATION_NEEDED,NETWORK,10.206.228.0/22,DHCP,43,f1:04:0a:bb:b3:15
DHCPOPTION,VALIDATION_NEEDED,NETWORK,10.187.165.0/24,DHCP,43,f1:04:0a:bb:b3:15
DHCPOPTION,VALIDATION_NEEDED,NETWORK,10.206.110.0/25,DHCP,43,f1:04:0a:bb:b3:15
DHCPOPTION,VALIDATION_NEEDED,NETWORK,10.206.111.0/24,DHCP,43,f1:04:0a:bb:b3:15
DHCPOPTION,VALIDATION_NEEDED,NETWORK,10.187.164.0/24,DHCP,43,f1:04:0a:bb:b3:15
DHCPOPTION,VALIDATION_NEEDED,NETWORK,10.187.162.128/25,DHCP,43,f1:04:0a:bb:a4:15
DHCPOPTION,VALIDATION_NEEDED,NETWORK,10.131.0.0/24,DHCP,43,00:10:13:14:10
DHCPOPTION,VALIDATION_NEEDED,NETWORK,10.131.5.0/24,DHCP,43,00:10:13:14:10
DHCPOPTION,VALIDATION_NEEDED,NETWORK,10.216.72.0/24,DHCP,43,00:10:13:14:10
DHCPOPTION,VALIDATION_NEEDED,NETWORK,10.216.73.0/24,DHCP,43,00:10:13:14:10
DHCPOPTION,VALIDATION_NEEDED,NETWORK,10.216.74.0/24,DHCP,43,00:10:13:14:10
DHCPOPTION,VALIDATION_NEEDED,NETWORK,10.216.76.0/23,DHCP,43,00:10:13:14:10
DHCPOPTION,VALIDATION_NEEDED,NETWORK,10.216.75.0/24,DHCP,43,00:10:13:14:10
DHCPOPTION,VALIDATION_NEEDED,NETWORK,10.216.78.0/24,DHCP,43,00:10:13:14:10
DHCPOPTION,VALIDATION_NEEDED,NETWORK,10.216.80.0/24,DHCP,43,00:10:13:14:10
DHCPOPTION,VALIDATION_NEEDED,NETWORK,10.216.230.0/24,DHCP,43,00:10:13:14:10
DHCPOPTION,VALIDATION_NEEDED,NETWORK,10.131.4.32/27,DHCP,43,00:10:13:14:10
DHCPOPTION,VALIDATION_NEEDED,NETWORK,10.131.4.64/27,DHCP,43,00:10:13:14:10
DHCPOPTION,VALIDATION_NEEDED,NETWORK,10.186.11.0/25,DHCP,43,31:30:2e:31:38:36:2e:31:31:2e:32
DHCPOPTION,VALIDATION_NEEDED,NETWORK,10.180.94.0/24,DHCP,43,00:f1:04:0a:b4:0c:3d
DHCPOPTION,VALIDATION_NEEDED,NETWORK,10.180.95.0/24,DHCP,43,00:f1:04:0a:b4:0c:3d
DHCPOPTION,VALIDATION_NEEDED,NETWORK,10.180.96.0/24,DHCP,43,00:f1:04:0a:b4:0c:3d
DHCPOPTION,VALIDATION_NEEDED,NETWORK,10.180.97.0/24,DHCP,43,00:f1:04:0a:b4:0c:3d
DHCPOPTION,VALIDATION_NEEDED,NETWORK,10.180.99.0/24,DHCP,43,00:f1:04:0a:b4:0c:3d
DHCPOPTION,VALIDATION_NEEDED,NETWORK,10.128.173.0/25,DHCP,43,f1:04:0a:80:ac:25
DHCPOPTION,VALIDATION_NEEDED,DHCPRANGE,10.193.18.10/10.193.18.254,DHCP,43,f1:04:0a:c4:c8:87
DHCPOPTION,VALIDATION_NEEDED,NETWORK,10.193.18.0/24,DHCP,43,f1:04:0a:c4:c8:87
DHCPOPTION,VALIDATION_NEEDED,NETWORK,10.206.234.0/24,DHCP,43,00:f1:08:0a:c6:08:36:0a:c6:08:37
DHCPOPTION,VALIDATION_NEEDED,NETWORK,10.235.149.0/25,DHCP,43,00:f1:04:0a:eb:93:0b
DHCPOPTION,VALIDATION_NEEDED,NETWORK,10.147.126.0/23,DHCP,43,00:f1:08:0a:c6:08:36:0a:c6:08:37
DHCPOPTION,VALIDATION_NEEDED,NETWORK,10.134.1.0/24,DHCP,43,f1:08:0a:c6:08:36:0a:c6:08:37
DHCPOPTION,VALIDATION_NEEDED,NETWORK,139.158.47.0/24,DHCP,43,f1:08:0a:c6:08:36:0a:c6:08:37
DHCPOPTION,VALIDATION_NEEDED,NETWORK,10.129.46.0/24,DHCP,43,f1:08:0a:c6:08:36:0a:c6:08:37
DHCPOPTION,VALIDATION_NEEDED,NETWORK,10.129.51.0/24,DHCP,43,f1:08:0a:c6:08:36:0a:c6:08:37
DHCPOPTION,VALIDATION_NEEDED,NETWORK,10.129.162.0/24,DHCP,43,f1:08:0a:c6:08:36:0a:c6:08:37
DHCPOPTION,VALIDATION_NEEDED,NETWORK,10.129.48.128/25,DHCP,43,f1:08:0a:c6:08:36:0a:c6:08:37
DHCPOPTION,VALIDATION_NEEDED,NETWORK,10.129.48.64/26,DHCP,43,f1:08:0a:c6:08:36:0a:c6:08:37
DHCPOPTION,VALIDATION_NEEDED,NETWORK,10.129.160.0/26,DHCP,43,f1:08:0a:c6:08:36:0a:c6:08:37
DHCPOPTION,VALIDATION_NEEDED,NETWORK,10.224.64.0/27,DHCP,43,f1:08:0a:c6:08:36:0a:c6:08:37
DHCPOPTION,VALIDATION_NEEDED,NETWORK,10.129.48.0/28,DHCP,43,f1:08:0a:c6:08:36:0a:c6:08:37
DHCPOPTION,VALIDATION_NEEDED,NETWORK,10.129.160.104/29,DHCP,43,00:f1:04:0a:c6:66:46
DHCPOPTION,VALIDATION_NEEDED,NETWORK,10.234.112.0/24,DHCP,43,f1:08:0a:c6:08:36:0a:c6:08:37
DHCPOPTION,VALIDATION_NEEDED,NETWORK,10.234.113.0/24,DHCP,43,f1:08:0a:c6:08:36:0a:c6:08:37
DHCPOPTION,VALIDATION_NEEDED,NETWORK,10.234.115.64/26,DHCP,43,f1:08:0a:c6:08:36:0a:c6:08:37
DHCPOPTION,VALIDATION_NEEDED,NETWORK,10.147.100.0/25,DHCP,43,f1:08:0a:c6:08:36:0a:c6:08:37
DHCPOPTION,VALIDATION_NEEDED,NETWORK,10.147.100.128/26,DHCP,43,f1:08:0a:c6:08:36:0a:c6:08:37
DHCPOPTION,VALIDATION_NEEDED,NETWORK,10.234.89.0/25,DHCP,43,f1:08:0a:ea:5b:8a:0a:ea:5b:89
DHCPOPTION,VALIDATION_NEEDED,NETWORK,10.234.89.128/25,DHCP,43,f1:08:0a:ea:5b:8a:0a:ea:5b:89
DHCPOPTION,VALIDATION_NEEDED,NETWORK,10.234.90.0/25,DHCP,43,f1:08:0a:ea:5b:8a:0a:ea:5b:89
DHCPOPTION,VALIDATION_NEEDED,NETWORK,10.234.90.128/26,DHCP,43,f1:08:0a:ea:5b:8a:0a:ea:5b:89
DHCPOPTION,VALIDATION_NEEDED,NETWORK,10.234.90.192/26,DHCP,43,f1:08:0a:ea:5b:8a:0a:ea:5b:89
DHCPOPTION,VALIDATION_NEEDED,NETWORK,10.234.91.208/28,DHCP,43,f1:08:0a:ea:5b:8a:0a:ea:5b:89
DHCPOPTION,INCOMPATIBLE,NETWORK,10.156.104.0/24,DHCP,43,f108.0ac6.0836.0ac6.0837
DHCPOPTION,VALIDATION_NEEDED,NETWORK,10.178.253.0/26,DHCP,43,f1:04:0a:d3:18:0f
DHCPOPTION,VALIDATION_NEEDED,NETWORK,10.178.253.64/26,DHCP,43,f1:04:0a:d3:18:0f
DHCPOPTION,VALIDATION_NEEDED,NETWORK,10.178.253.192/26,DHCP,43,f1:04:0a:d3:18:0f
DHCPOPTION,VALIDATION_NEEDED,NETWORK,10.177.212.0/24,DHCP,43,0f:04:0a:b1:6e:0f
DHCPOPTION,INCOMPATIBLE,FIXEDADDRESS,10.147.20.64,DHCP,43,f108.0ac6.0836.0ac6.0837
DHCPOPTION,INCOMPATIBLE,FIXEDADDRESS,10.147.20.40,DHCP,43,f108.0ac6.0836.0ac6.0837
DHCPOPTION,INCOMPATIBLE,FIXEDADDRESS,10.147.20.83,DHCP,43,f108.0ac6.0836.0ac6.0837
DHCPOPTION,INCOMPATIBLE,FIXEDADDRESS,10.147.20.118,DHCP,43,f108.0ac6.0836.0ac6.0837
DHCPOPTION,VALIDATION_NEEDED,NETWORK,10.145.1.0/24,DHCP,43,00:f1:08:0a:c6:08:36:0a:c6:08:37
DHCPOPTION,VALIDATION_NEEDED,NETWORK,10.145.4.0/24,DHCP,43,00:f1:08:0a:c6:08:36:0a:c6:08:37
DHCPOPTION,VALIDATION_NEEDED,NETWORK,10.140.131.0/24,DHCP,43,00:f1:04:8b:9e:a1:d2
DHCPOPTION,VALIDATION_NEEDED,NETWORK,10.140.90.0/24,DHCP,43,00:f1:04:8b:9e:a1:d2
DHCPOPTION,VALIDATION_NEEDED,NETWORK,10.177.185.0/24,DHCP,43,f1:04:0a:b1:b9:05
DHCPOPTION,VALIDATION_NEEDED,NETWORK,10.177.20.0/24,DHCP,43,f1:04:0a:b1:15:0c
DHCPOPTION,VALIDATION_NEEDED,NETWORK,10.177.21.0/24,DHCP,43,f1:04:0a:b1:15:0c
DHCPOPTION,VALIDATION_NEEDED,NETWORK,10.177.22.0/24,DHCP,43,f1:04:0a:b1:15:0c
DHCPOPTION,VALIDATION_NEEDED,NETWORK,10.177.32.0/24,DHCP,43,0f:04:0a:b1:28:05
DHCPOPTION,VALIDATION_NEEDED,NETWORK,10.177.33.0/24,DHCP,43,0f:04:0a:b1:28:05
DHCPOPTION,VALIDATION_NEEDED,NETWORK,10.177.51.0/24,DHCP,43,0f:04:0a:b1:28:05
DHCPOPTION,VALIDATION_NEEDED,NETWORK,10.177.60.0/24,DHCP,43,0f:04:0a:b1:28:05
DHCPOPTION,VALIDATION_NEEDED,NETWORK,10.177.61.0/24,DHCP,43,0f:04:0a:b1:28:05
DHCPOPTION,VALIDATION_NEEDED,NETWORK,10.177.63.0/24,DHCP,43,0f:04:0a:b1:28:05
DHCPOPTION,VALIDATION_NEEDED,NETWORK,10.177.65.0/24,DHCP,43,0f:04:0a:b1:28:05
DHCPOPTION,VALIDATION_NEEDED,NETWORK,10.177.67.0/24,DHCP,43,0f:04:0a:b1:28:05
DHCPOPTION,VALIDATION_NEEDED,NETWORK,10.177.232.0/22,DHCP,43,0f:04:0a:b1:28:05
DHCPOPTION,VALIDATION_NEEDED,NETWORK,10.177.84.0/24,DHCP,43,0f:04:0a:b1:28:05
DHCPOPTION,VALIDATION_NEEDED,NETWORK,10.177.95.0/24,DHCP,43,0f:04:0a:b1:28:05
DHCPOPTION,VALIDATION_NEEDED,NETWORK,10.177.238.0/24,DHCP,43,0f:04:0a:b1:28:05
DHCPOPTION,VALIDATION_NEEDED,NETWORK,10.168.121.128/26,DHCP,151,10.168.121.159
DHCPOPTION,VALIDATION_NEEDED,NETWORK,10.171.28.0/24,DHCP,151,10.171.28.11
DHCPOPTION,VALIDATION_NEEDED,NETWORK,10.171.50.0/24,DHCP,43,01:04:31:41:50:43
DHCPOPTION,VALIDATION_NEEDED,NETWORK,10.171.171.0/24,DHCP,151,10.171.171.25
DHCPOPTION,VALIDATION_NEEDED,NETWORK,10.172.250.0/25,DHCP,151,10.168.121.159
DHCPOPTION,VALIDATION_NEEDED,NETWORK,10.177.38.0/24,DHCP,43,f1:04:0a:b1:92:0c
DHCPOPTION,VALIDATION_NEEDED,NETWORK,10.177.146.0/24,DHCP,43,f1:04:0a:b1:92:0c
DHCPOPTION,VALIDATION_NEEDED,NETWORK,10.177.226.192/26,DHCP,43,f1:04:0a:b1:92:0c
DHCPOPTION,VALIDATION_NEEDED,NETWORK,10.177.6.0/23,DHCP,43,00:f1:04:0a:b1:06:0a
DHCPOPTION,VALIDATION_NEEDED,NETWORK,10.177.170.0/24,DHCP,43,00:f1:04:0a:b1:06:0a
DHCPOPTION,VALIDATION_NEEDED,NETWORK,10.177.42.0/24,DHCP,43,f1:04:0a:b1:2e:0e
DHCPOPTION,VALIDATION_NEEDED,NETWORK,10.177.35.0/24,DHCP,43,f1:08:0a:eb:72:0c:0a:eb:71:14
DHCPOPTION,VALIDATION_NEEDED,NETWORK,10.235.113.0/24,DHCP,43,f1:08:0a:eb:72:0c:0a:eb:71:14
DHCPOPTION,VALIDATION_NEEDED,NETWORK,10.235.114.0/26,DHCP,43,f1:08:0a:eb:72:0c:0a:eb:71:14
DHCPOPTION,VALIDATION_NEEDED,NETWORK,10.235.98.0/24,DHCP,43,f1:04:0a:b1:fd:0c
DHCPOPTION,VALIDATION_NEEDED,NETWORK,10.235.101.0/24,DHCP,43,f1:04:0a:b1:ee:03
DHCPOPTION,VALIDATION_NEEDED,NETWORK,10.235.85.0/24,DHCP,43,3a:02:00:03:ff:00
DHCPOPTION,VALIDATION_NEEDED,NETWORK,10.235.86.0/24,DHCP,43,3a:02:00:05:ff:00
DHCPOPTION,VALIDATION_NEEDED,NETWORK,10.235.87.0/24,DHCP,43,3a:02:00:03:ff:00
DHCPOPTION,VALIDATION_NEEDED,NETWORK,10.235.88.0/24,DHCP,43,3a:02:00:03:ff:00
DHCPOPTION,VALIDATION_NEEDED,NETWORK,10.235.89.0/24,DHCP,43,3a:02:00:05:ff:00
DHCPOPTION,VALIDATION_NEEDED,NETWORK,10.235.90.0/24,DHCP,43,3a:02:00:05:ff:00
DHCPOPTION,VALIDATION_NEEDED,NETWORK,10.235.91.0/24,DHCP,43,3a:02:00:03:ff:00
DHCPOPTION,VALIDATION_NEEDED,NETWORK,10.235.92.0/24,DHCP,43,3a:02:00:05:ff:00
DHCPOPTION,VALIDATION_NEEDED,NETWORK,10.177.87.0/24,DHCP,43,f1:04:0a:b1:28:0b
DHCPOPTION,VALIDATION_NEEDED,NETWORK,10.177.216.0/22,DHCP,43,f1:08:0a:b1:65:02:0a:b1:28:05
DHCPOPTION,VALIDATION_NEEDED,NETWORK,10.177.100.0/24,DHCP,43,f1:08:0a:b1:65:02:0a:b1:28:05
DHCPOPTION,VALIDATION_NEEDED,NETWORK,10.177.101.0/24,DHCP,43,f1:08:0a:b1:65:02:0a:b1:28:05
DHCPOPTION,VALIDATION_NEEDED,NETWORK,10.177.122.0/23,DHCP,43,f1:08:0a:b1:65:02:0a:b1:28:05
DHCPOPTION,VALIDATION_NEEDED,NETWORK,10.177.120.0/24,DHCP,43,f1:08:0a:b1:65:02:0a:b1:28:05
DHCPOPTION,VALIDATION_NEEDED,NETWORK,10.177.121.0/24,DHCP,43,f1:08:0a:b1:65:02:0a:b1:28:05
DHCPOPTION,VALIDATION_NEEDED,NETWORK,10.177.162.0/24,DHCP,43,f1:08:0a:b1:65:02:0a:b1:28:05
DHCPOPTION,VALIDATION_NEEDED,NETWORK,10.177.164.0/24,DHCP,43,f1:08:0a:b1:65:02:0a:b1:28:05
DHCPOPTION,VALIDATION_NEEDED,NETWORK,139.158.113.128/25,DHCP,43,11:45:72:69:63:73:73:6f:6e:20:49:50:2d:50:68:6f:6e:65:01:0e:31:30:2e:31:34:32:2e:32:33:39:2e:31:30:31
DHCPOPTION,VALIDATION_NEEDED,NETWORK,10.149.47.32/27,DHCP,43,f1:04:0a:95:2f:82
DHCPOPTION,VALIDATION_NEEDED,NETWORK,10.149.47.160/27,DHCP,43,f1:04:0a:95:2f:82
DHCPOPTION,VALIDATION_NEEDED,NETWORK,10.149.47.128/28,DHCP,43,f1:04:0a:95:2f:82
DHCPOPTION,VALIDATION_NEEDED,NETWORK,10.156.0.64/27,DHCP,43,00:f1:04:0a:9c:00:35
DHCPOPTION,VALIDATION_NEEDED,NETWORK,10.156.0.96/27,DHCP,43,00:f1:04:0a:9c:00:35
DHCPOPTION,VALIDATION_NEEDED,NETWORK,10.209.150.0/24,DHCP,43,f1:04:0a:d1:db:25
DHCPOPTION,VALIDATION_NEEDED,NETWORK,10.149.200.128/28,DHCP,43,f1:08:0a:c6:08:36:0a:c6:08:37
DHCPOPTION,VALIDATION_NEEDED,NETWORK,10.149.64.64/27,DHCP,43,f1:04:0a:95:40:fa
DHCPOPTION,VALIDATION_NEEDED,NETWORK,10.132.65.136/29,DHCP,43,00:f1:04:0a:84:00:64
DHCPOPTION,VALIDATION_NEEDED,NETWORK,10.166.142.0/23,DHCP,43,f1:08:0a:a6:88:85
DHCPOPTION,VALIDATION_NEEDED,NETWORK,10.154.41.0/24,DHCP,43,00:f1:04:0a:9a:18:f2
DHCPOPTION,VALIDATION_NEEDED,NETWORK,10.154.40.0/24,DHCP,43,00:f1:04:0a:9a:18:f2
DHCPOPTION,VALIDATION_NEEDED,NETWORK,10.154.42.0/24,DHCP,43,00:f1:04:0a:9a:18:f2
DHCPOPTION,VALIDATION_NEEDED,NETWORK,10.156.8.32/28,DHCP,43,00:f1:04:0a:c6:66:46
DHCPOPTION,VALIDATION_NEEDED,NETWORK,10.158.23.192/26,DHCP,43,00:f1:08:0a:8e:20:46:0a:8e:20:50
DHCPOPTION,VALIDATION_NEEDED,NETWORK,10.158.24.128/26,DHCP,43,00:f1:08:0a:8e:20:46:0a:8e:20:50
DHCPOPTION,VALIDATION_NEEDED,NETWORK,10.158.20.64/27,DHCP,43,00:f1:08:0a:8e:20:46:0a:8e:20:50
DHCPOPTION,VALIDATION_NEEDED,NETWORK,10.158.21.0/27,DHCP,43,00:f1:08:0a:8e:bf:24:0a:8e:bf:25
DHCPOPTION,VALIDATION_NEEDED,NETWORK,10.158.21.128/27,DHCP,43,00:f1:08:0a:8e:bf:24:0a:8e:bf:25
DHCPOPTION,VALIDATION_NEEDED,NETWORK,10.158.21.160/27,DHCP,43,00:f1:08:0a:8e:bf:24:0a:8e:bf:25
DHCPOPTION,VALIDATION_NEEDED,NETWORK,10.158.21.224/27,DHCP,43,00:f1:08:0a:8e:bf:24:0a:8e:bf:25
DHCPOPTION,VALIDATION_NEEDED,NETWORK,10.158.22.128/27,DHCP,43,00:f1:08:0a:8e:20:46:0a:8e:20:50
DHCPOPTION,VALIDATION_NEEDED,NETWORK,10.158.22.160/27,DHCP,43,00:f1:08:0a:8e:bf:24:0a:8e:bf:25
DHCPOPTION,VALIDATION_NEEDED,NETWORK,10.158.30.32/27,DHCP,43,00:f1:08:0a:8e:bf:24:0a:8e:bf:25
DHCPOPTION,VALIDATION_NEEDED,NETWORK,10.142.204.144/28,DHCP,43,00:f1:08:0a:8e:20:46:0a:8e:20:50
DHCPOPTION,VALIDATION_NEEDED,NETWORK,10.234.75.0/25,DHCP,43,00:f1:04:8b:9e:a1:d2
DHCPOPTION,VALIDATION_NEEDED,NETWORK,10.132.134.176/28,DHCP,43,00:f1:04:0a:84:00:64
DHCPOPTION,VALIDATION_NEEDED,NETWORK,10.132.173.96/29,DHCP,43,00:f1:04:0a:84:15:64
DHCPOPTION,VALIDATION_NEEDED,NETWORK,10.132.134.16/28,DHCP,43,00:f1:04:8b:9e:a1:d2
DHCPOPTION,VALIDATION_NEEDED,NETWORK,139.158.175.0/25,DHCP,43,00:f1:04:0a:84:00:64
DHCPOPTION,VALIDATION_NEEDED,NETWORK,10.132.134.128/28,DHCP,43,00:f1:04:0a:84:00:64
DHCPOPTION,VALIDATION_NEEDED,NETWORK,10.151.42.0/24,DHCP,43,00:f1:04:0a:97:6c:fb
DHCPOPTION,VALIDATION_NEEDED,NETWORK,10.184.144.0/24,DHCP,43,31:30:2e:31:38:34:2e:31:34:34:2e:32:30
DHCPOPTION,VALIDATION_NEEDED,NETWORK,10.184.147.0/24,DHCP,43,31:30:2e:31:38:34:2e:31:34:34:2e:32:30
DHCPOPTION,VALIDATION_NEEDED,NETWORK,10.177.8.0/24,DHCP,43,0f:04:0a:b1:6e:0f
DHCPOPTION,VALIDATION_NEEDED,NETWORK,10.177.26.0/23,DHCP,43,f1:04:0a:b1:89:0c
DHCPOPTION,VALIDATION_NEEDED,NETWORK,10.177.128.0/24,DHCP,43,f1:04:0a:b1:89:0c
DHCPOPTION,VALIDATION_NEEDED,NETWORK,10.177.136.0/24,DHCP,43,f1:04:0a:b1:89:0c
DHCPOPTION,VALIDATION_NEEDED,NETWORK,10.177.137.0/24,DHCP,43,f1:04:0a:b1:89:0c
DHCPOPTION,VALIDATION_NEEDED,NETWORK,10.177.142.0/24,DHCP,43,0f:04:0a:b1:6e:0f
DHCPOPTION,VALIDATION_NEEDED,NETWORK,10.177.144.0/24,DHCP,43,0f:04:0a:b1:6e:0f
DHCPOPTION,VALIDATION_NEEDED,NETWORK,10.177.145.0/24,DHCP,43,0f:04:0a:b1:6e:0f
DHCPOPTION,VALIDATION_NEEDED,NETWORK,10.141.165.0/24,DHCP,43,01:04:0a:ec:82:14:02:02:1e:77:03:02:1e:78:53:63:68:6e:65:69:64:65:72
DHCPOPTION,VALIDATION_NEEDED,NETWORK,10.141.174.0/24,DHCP,43,00:f1:04:0a:8d:a4:16
DHCPOPTION,VALIDATION_NEEDED,NETWORK,10.141.204.0/24,DHCP,43,00:f1:04:0a:8d:a4:16
DHCPOPTION,VALIDATION_NEEDED,NETWORK,10.141.164.64/27,DHCP,43,00:f1:04:0a:8d:a4:16
DHCPOPTION,VALIDATION_NEEDED,NETWORK,10.141.164.96/27,DHCP,43,00:f1:04:0a:8d:a4:16
DHCPOPTION,VALIDATION_NEEDED,NETWORK,10.132.134.224/27,DHCP,43,00:f1:04:0a:84:00:64
DHCPOPTION,VALIDATION_NEEDED,NETWORK,10.132.158.0/24,DHCP,43,00:f1:04:0a:84:00:64
DHCPOPTION,VALIDATION_NEEDED,NETWORK,10.132.159.0/24,DHCP,43,00:f1:04:0a:84:00:64
DHCPOPTION,VALIDATION_NEEDED,NETWORK,10.141.129.64/27,DHCP,43,00:f1:04:0a:8d:81:06
DHCPOPTION,VALIDATION_NEEDED,NETWORK,10.234.202.128/25,DHCP,43,00:61:6c:63:61:74:65:6c:2e:61:34:34:30:30:2e:30
DHCPOPTION,VALIDATION_NEEDED,DHCPRANGE,10.142.117.38/10.142.117.62,DHCP,43,f1:04:0a:c6:66:46
DHCPOPTION,VALIDATION_NEEDED,NETWORK,10.136.112.0/25,DHCP,43,31:30:2e:31:33:36:2e:31:31:32:2e:31:30
DHCPOPTION,VALIDATION_NEEDED,NETWORK,10.136.112.128/25,DHCP,43,31:30:2e:34:2e:32:32:35:2e:32:30:30
DHCPOPTION,VALIDATION_NEEDED,NETWORK,10.195.161.0/24,DHCP,43,00:f1:08:0a:c4:95:05
DHCPOPTION,VALIDATION_NEEDED,NETWORK,10.195.232.0/24,DHCP,43,00:f1:08:0a:c4:94:05:0a:c4:95:05
DHCPOPTION,VALIDATION_NEEDED,NETWORK,10.196.148.160/27,DHCP,43,00:f1:08:0a:c4:94:05:0a:c4:95:05
DHCPOPTION,VALIDATION_NEEDED,NETWORK,10.196.149.96/27,DHCP,43,00:f1:08:0a:c4:94:05:0a:c4:95:05
DHCPOPTION,VALIDATION_NEEDED,NETWORK,139.158.168.0/24,DHCP,43,00:f1:04:0a:84:00:64
DHCPOPTION,VALIDATION_NEEDED,NETWORK,10.132.135.128/26,DHCP,43,00:f1:04:0a:84:00:64
DHCPOPTION,VALIDATION_NEEDED,NETWORK,10.132.164.0/26,DHCP,43,00:f1:04:0a:84:00:64
DHCPOPTION,VALIDATION_NEEDED,NETWORK,139.158.170.0/24,DHCP,43,00:f1:04:0a:84:00:64
DHCPOPTION,VALIDATION_NEEDED,NETWORK,10.132.134.64/26,DHCP,43,00:f1:04:0a:84:00:64
DHCPOPTION,VALIDATION_NEEDED,NETWORK,10.132.208.0/25,DHCP,43,00:f1:04:0a:84:00:64
DHCPOPTION,VALIDATION_NEEDED,NETWORK,10.132.160.0/26,DHCP,43,00:f1:04:8b:9e:a1:d2
DHCPOPTION,VALIDATION_NEEDED,NETWORK,10.230.17.0/28,DHCP,43,f1:08:0a:c6:08:36:0a:c6:08:37
DHCPOPTION,VALIDATION_NEEDED,NETWORK,10.230.24.0/25,DHCP,43,f1:04:0a:e6:18:64
DHCPOPTION,VALIDATION_NEEDED,NETWORK,139.158.166.0/23,DHCP,43,00:f1:04:0a:84:00:64
DHCPOPTION,VALIDATION_NEEDED,NETWORK,10.132.137.0/25,DHCP,43,00:f1:04:8b:9e:a1:d2
DHCPOPTION,VALIDATION_NEEDED,NETWORK,10.132.225.0/25,DHCP,43,00:f1:04:8b:9e:a1:d2
DHCPOPTION,VALIDATION_NEEDED,NETWORK,10.196.245.0/28,DHCP,43,43:69:73:63:6f:20:41:50:20:63:32:37:30:30
DHCPOPTION,VALIDATION_NEEDED,NETWORK,10.132.0.0/21,DHCP,43,00:f1:04:0a:84:00:64
DHCPOPTION,VALIDATION_NEEDED,NETWORK,10.132.21.0/24,DHCP,43,00:f1:04:0a:84:15:64
DHCPOPTION,VALIDATION_NEEDED,NETWORK,10.132.98.0/24,DHCP,43,00:f1:04:0a:84:15:64
DHCPOPTION,VALIDATION_NEEDED,NETWORK,10.132.23.0/24,DHCP,43,00:f1:04:0a:84:15:64
DHCPOPTION,INCOMPATIBLE,NETWORK,10.132.148.0/24,DHCP,43,5A1N;B2;K4;I10.132.21.116;J80
DHCPOPTION,VALIDATION_NEEDED,NETWORK,10.142.212.0/23,DHCP,43,11:45:72:69:63:73:73:6f:6e:20:49:50:2d:50:68:6f:6e:65:01:0e:31:30:2e:31:34:32:2e:32:33:39:2e:31:30:31
DHCPOPTION,VALIDATION_NEEDED,NETWORK,10.146.13.32/27,DHCP,43,00:66:31:30:38:30:61:39:32:30:64:30:35:30:61:39:32:30:64:30:36
DHCPOPTION,VALIDATION_NEEDED,NETWORK,10.146.13.64/27,DHCP,43,00:66:31:30:38:30:61:39:32:30:64:30:35:30:61:39:32:30:64:30:36
DHCPOPTION,VALIDATION_NEEDED,NETWORK,10.146.13.96/27,DHCP,43,00:66:31:30:38:30:61:39:32:30:64:30:35:30:61:39:32:30:64:30:36
DHCPOPTION,VALIDATION_NEEDED,NETWORK,10.146.56.64/27,DHCP,43,00:66:31:30:38:30:61:39:32:30:64:30:35:30:61:39:32:30:64:30:36
DHCPOPTION,VALIDATION_NEEDED,NETWORK,10.146.56.96/27,DHCP,43,00:66:31:30:38:30:61:39:32:30:64:30:35:30:61:39:32:30:64:30:36
DHCPOPTION,INCOMPATIBLE,FIXEDADDRESS,10.138.220.173,DHCP,12,PR-0140.eur.gad.schneider-electric.com
DHCPOPTION,INCOMPATIBLE,FIXEDADDRESS,10.138.220.174,DHCP,12,PR-0133
DHCPOPTION,INCOMPATIBLE,FIXEDADDRESS,10.138.220.176,DHCP,12,PR-0127
DHCPOPTION,INCOMPATIBLE,FIXEDADDRESS,10.138.220.178,DHCP,12,PR-0138
DHCPOPTION,INCOMPATIBLE,FIXEDADDRESS,10.138.220.179,DHCP,12,PR-0139
DHCPOPTION,INCOMPATIBLE,FIXEDADDRESS,10.138.220.180,DHCP,12,PR-0103
DHCPOPTION,INCOMPATIBLE,FIXEDADDRESS,10.138.220.181,DHCP,12,PR-0095
DHCPOPTION,INCOMPATIBLE,FIXEDADDRESS,10.138.220.182,DHCP,12,PR-0106
DHCPOPTION,INCOMPATIBLE,FIXEDADDRESS,10.138.220.183,DHCP,12,PR-0131
DHCPOPTION,INCOMPATIBLE,FIXEDADDRESS,10.138.220.184,DHCP,12,BUS-010533
DHCPOPTION,INCOMPATIBLE,FIXEDADDRESS,10.138.220.185,DHCP,12,PR-0082
DHCPOPTION,INCOMPATIBLE,FIXEDADDRESS,10.138.220.186,DHCP,12,PR-0083
DHCPOPTION,INCOMPATIBLE,FIXEDADDRESS,10.138.220.187,DHCP,12,PR-0084
DHCPOPTION,INCOMPATIBLE,FIXEDADDRESS,10.138.220.188,DHCP,12,PR-0072
DHCPOPTION,INCOMPATIBLE,FIXEDADDRESS,10.138.220.189,DHCP,12,PR-0086
DHCPOPTION,INCOMPATIBLE,FIXEDADDRESS,10.138.220.190,DHCP,12,PR-0087
DHCPOPTION,INCOMPATIBLE,FIXEDADDRESS,10.138.220.191,DHCP,12,PR-0107
DHCPOPTION,INCOMPATIBLE,FIXEDADDRESS,10.138.220.192,DHCP,12,PR-0075
DHCPOPTION,INCOMPATIBLE,FIXEDADDRESS,10.138.220.193,DHCP,12,PR-0067
DHCPOPTION,INCOMPATIBLE,FIXEDADDRESS,10.138.220.194,DHCP,12,PR-0130
DHCPOPTION,INCOMPATIBLE,FIXEDADDRESS,10.138.220.195,DHCP,12,PR-0066
DHCPOPTION,INCOMPATIBLE,FIXEDADDRESS,10.138.220.196,DHCP,12,PR-0088
DHCPOPTION,INCOMPATIBLE,FIXEDADDRESS,10.138.220.197,DHCP,12,PR-0097
DHCPOPTION,INCOMPATIBLE,FIXEDADDRESS,10.138.220.198,DHCP,12,PR-0096
DHCPOPTION,INCOMPATIBLE,FIXEDADDRESS,10.138.220.199,DHCP,12,PR-0147
DHCPOPTION,INCOMPATIBLE,FIXEDADDRESS,10.138.220.202,DHCP,12,HW-0211
DHCPOPTION,VALIDATION_NEEDED,NETWORK,10.132.168.0/24,DHCP,43,00:f1:04:0a:84:00:64
DHCPOPTION,VALIDATION_NEEDED,NETWORK,10.132.212.0/23,DHCP,43,00:f1:04:0a:84:00:64
DHCPOPTION,VALIDATION_NEEDED,NETWORK,10.132.239.0/25,DHCP,43,00:f1:04:0a:84:00:64
DHCPOPTION,VALIDATION_NEEDED,NETWORK,10.132.135.64/26,DHCP,43,00:f1:04:8b:9e:a1:d2
DHCPOPTION,VALIDATION_NEEDED,NETWORK,10.132.160.192/26,DHCP,43,00:f1:04:0a:84:a0:c2
DHCPOPTION,VALIDATION_NEEDED,NETWORK,10.132.176.0/23,DHCP,43,00:f1:04:8b:9e:a1:d2
DHCPOPTION,VALIDATION_NEEDED,NETWORK,10.132.210.0/24,DHCP,43,00:f1:04:8b:9e:a1:d2
DHCPOPTION,VALIDATION_NEEDED,NETWORK,10.132.116.0/23,DHCP,43,00:f1:08:0a:9b:c8:04:0a:9b:c8:05
DHCPOPTION,VALIDATION_NEEDED,NETWORK,10.156.248.128/26,DHCP,43,00:f1:04:0a:84:00:64
DHCPOPTION,VALIDATION_NEEDED,NETWORK,10.156.250.0/23,DHCP,43,00:f1:08:0a:9b:c8:04:0a:9b:c8:05
DHCPOPTION,INCOMPATIBLE,FIXEDADDRESS,10.138.224.153,DHCP,12,pc-0488
DHCPOPTION,INCOMPATIBLE,FIXEDADDRESS,10.138.224.181,DHCP,12,PRNO001-01
DHCPOPTION,INCOMPATIBLE,FIXEDADDRESS,10.138.224.182,DHCP,12,PR-0119
DHCPOPTION,INCOMPATIBLE,FIXEDADDRESS,10.138.224.183,DHCP,12,PR-0113
DHCPOPTION,INCOMPATIBLE,FIXEDADDRESS,10.138.224.185,DHCP,12,PR-0186
DHCPOPTION,INCOMPATIBLE,FIXEDADDRESS,10.138.224.186,DHCP,12,PR-0011
DHCPOPTION,INCOMPATIBLE,FIXEDADDRESS,10.138.224.188,DHCP,12,PR-0137
DHCPOPTION,INCOMPATIBLE,FIXEDADDRESS,10.138.224.189,DHCP,12,PR-0138
DHCPOPTION,INCOMPATIBLE,FIXEDADDRESS,10.138.224.190,DHCP,12,PR-0070
DHCPOPTION,INCOMPATIBLE,FIXEDADDRESS,10.138.224.191,DHCP,12,PR-0091
DHCPOPTION,INCOMPATIBLE,FIXEDADDRESS,10.138.224.192,DHCP,12,PRNO001-12
DHCPOPTION,INCOMPATIBLE,FIXEDADDRESS,10.138.224.195,DHCP,12,PR-0079
DHCPOPTION,INCOMPATIBLE,FIXEDADDRESS,10.138.224.199,DHCP,12,GP405
DHCPOPTION,INCOMPATIBLE,FIXEDADDRESS,10.138.224.211,DHCP,12,HW-0217
DHCPOPTION,INCOMPATIBLE,FIXEDADDRESS,10.138.224.212,DHCP,12,HW-0219
DHCPOPTION,INCOMPATIBLE,FIXEDADDRESS,10.138.224.215,DHCP,12,HW-0310
DHCPOPTION,INCOMPATIBLE,FIXEDADDRESS,10.138.224.217,DHCP,12,HW-0169
DHCPOPTION,INCOMPATIBLE,FIXEDADDRESS,10.138.224.218,DHCP,12,HW-0170
DHCPOPTION,INCOMPATIBLE,FIXEDADDRESS,10.138.224.219,DHCP,12,HW-0171
DHCPOPTION,INCOMPATIBLE,FIXEDADDRESS,10.138.224.223,DHCP,12,sip
DHCPOPTION,INCOMPATIBLE,FIXEDADDRESS,10.138.224.229,DHCP,12,servselectip
DHCPOPTION,VALIDATION_NEEDED,NETWORK,139.158.188.0/24,DHCP,43,00:f1:04:8b:9e:a1:d2
DHCPOPTION,VALIDATION_NEEDED,NETWORK,10.132.193.128/25,DHCP,43,00:f1:04:0a:84:00:64
DHCPOPTION,VALIDATION_NEEDED,NETWORK,10.132.135.0/26,DHCP,43,00:f1:04:0a:84:00:64
DHCPOPTION,VALIDATION_NEEDED,NETWORK,10.132.62.0/25,DHCP,43,00:f1:04:8b:9e:a1:d2
DHCPOPTION,VALIDATION_NEEDED,NETWORK,10.132.163.0/25,DHCP,43,00:f1:04:8b:9e:a1:d2
DHCPOPTION,VALIDATION_NEEDED,NETWORK,10.132.187.0/24,DHCP,43,00:f1:04:8b:9e:a1:d2
DHCPOPTION,VALIDATION_NEEDED,NETWORK,10.132.195.0/24,DHCP,43,00:f1:04:8b:9e:a1:d2
DHCPOPTION,VALIDATION_NEEDED,NETWORK,10.132.150.0/23,DHCP,43,00:f1:04:0a:84:00:64
DHCPOPTION,VALIDATION_NEEDED,NETWORK,10.132.170.0/23,DHCP,43,00:f1:04:8b:9e:a1:d2
DHCPOPTION,VALIDATION_NEEDED,NETWORK,10.132.180.0/24,DHCP,43,00:f1:04:8b:9e:a1:d2
DHCPOPTION,VALIDATION_NEEDED,NETWORK,10.132.190.0/23,DHCP,43,00:f1:04:0a:84:15:64
DHCPOPTION,VALIDATION_NEEDED,NETWORK,10.202.80.0/25,DHCP,43,f1:04:0a:ca:50:02
DHCPOPTION,INCOMPATIBLE,NETWORK,10.178.10.0/24,DHCP,43,3a02.000a.ff
DHCPOPTION,VALIDATION_NEEDED,NETWORK,10.158.43.64/27,DHCP,43,f1:08:0a:85:a0:84:0a:85:a0:85
DHCPOPTION,INCOMPATIBLE,DHCPRANGE,10.205.131.80/10.205.131.254,DHCP,43,10.205.224.5
DHCPOPTION,VALIDATION_NEEDED,NETWORK,10.177.102.0/24,DHCP,43,31:30:2e:31:37:37:2e:31:30:36:2e:31:31
DHCPOPTION,VALIDATION_NEEDED,NETWORK,10.177.103.0/24,DHCP,43,31:30:2e:31:37:37:2e:31:30:36:2e:31:31
DHCPOPTION,VALIDATION_NEEDED,NETWORK,10.177.106.0/23,DHCP,43,31:30:2e:31:37:37:2e:31:30:36:2e:31:31
DHCPOPTION,VALIDATION_NEEDED,NETWORK,10.177.104.0/24,DHCP,43,31:30:2e:31:37:37:2e:31:30:36:2e:31:31
DHCPOPTION,VALIDATION_NEEDED,NETWORK,10.177.105.0/24,DHCP,43,31:30:2e:31:37:37:2e:31:30:36:2e:31:31
DHCPOPTION,VALIDATION_NEEDED,NETWORK,10.157.6.0/24,DHCP,43,61:6c:63:61:74:65:6c:2e:61:34:34:30:30:2e:30:2c
DHCPOPTION,VALIDATION_NEEDED,NETWORK,10.157.40.128/25,DHCP,43,61:6c:63:61:74:65:6c:2e:61:34:34:30:30:2e:30:2c
DHCPOPTION,INCOMPATIBLE,DHCPRANGE,10.180.112.150/10.180.112.200,DHCP,43,10.180.20.16
DHCPOPTION,VALIDATION_NEEDED,NETWORK,10.136.100.0/26,DHCP,43,00:f1:04:0a:88:64:0a
DHCPOPTION,VALIDATION_NEEDED,NETWORK,10.196.244.0/28,DHCP,43,f1:08:0a:c6:08:36:0a:c6:08:37
DHCPOPTION,VALIDATION_NEEDED,NETWORK,10.157.120.0/23,DHCP,43,61:6c:63:61:74:65:6c:2e:61:34:34:30:30:2e:30:2c
DHCPOPTION,VALIDATION_NEEDED,NETWORK,10.157.122.0/24,DHCP,43,61:6c:63:61:74:65:6c:2e:61:34:34:30:30:2e:30:2c
DHCPOPTION,VALIDATION_NEEDED,NETWORK,10.157.123.0/25,DHCP,43,61:6c:63:61:74:65:6c:2e:61:34:34:30:30:2e:30:2c
DHCPOPTION,VALIDATION_NEEDED,NETWORK,10.157.123.128/25,DHCP,43,61:6c:63:61:74:65:6c:2e:61:34:34:30:30:2e:30:2c
DHCPOPTION,VALIDATION_NEEDED,NETWORK,10.199.131.0/24,DHCP,43,00:f1:04:0a:c7:8d:12
DHCPOPTION,VALIDATION_NEEDED,NETWORK,10.199.132.0/24,DHCP,43,00:f1:04:0a:c7:8d:12
DHCPOPTION,VALIDATION_NEEDED,NETWORK,10.199.133.0/24,DHCP,43,00:f1:04:0a:c7:8d:12
DHCPOPTION,VALIDATION_NEEDED,NETWORK,10.200.1.0/27,DHCP,43,f1:04:0a:c7:8d:15
DHCPOPTION,VALIDATION_NEEDED,NETWORK,10.157.15.0/24,DHCP,43,61:6c:63:61:74:65:6c:2e:61:34:34:30:30:2e:30:2c
DHCPOPTION,VALIDATION_NEEDED,NETWORK,10.157.16.0/24,DHCP,43,61:6c:63:61:74:65:6c:2e:61:34:34:30:30:2e:30:2c
DHCPOPTION,VALIDATION_NEEDED,NETWORK,10.157.18.0/23,DHCP,43,61:6c:63:61:74:65:6c:2e:61:34:34:30:30:2e:30:2c
DHCPOPTION,VALIDATION_NEEDED,NETWORK,10.157.20.0/22,DHCP,43,61:6c:63:61:74:65:6c:2e:61:34:34:30:30:2e:30:2c
DHCPOPTION,VALIDATION_NEEDED,NETWORK,10.157.17.0/25,DHCP,43,61:6c:63:61:74:65:6c:2e:61:34:34:30:30:2e:30:2c
DHCPOPTION,VALIDATION_NEEDED,NETWORK,10.157.17.128/25,DHCP,43,61:6c:63:61:74:65:6c:2e:61:34:34:30:30:2e:30:2c
DHCPOPTION,VALIDATION_NEEDED,NETWORK,10.141.129.32/27,DHCP,43,00:f1:04:0a:8d:81:06
DHCPOPTION,INCOMPATIBLE,NETWORK,10.151.12.0/25,DHCP,43,10.151.108.251
DHCPOPTION,INCOMPATIBLE,NETWORK,10.151.16.0/24,DHCP,43,10.198.8.54
DHCPOPTION,INCOMPATIBLE,NETWORK,10.151.17.0/24,DHCP,43,10.151.108.251
DHCPOPTION,VALIDATION_NEEDED,NETWORK,10.210.23.128/25,DHCP,43,f1:04:0a:d2:17:82
DHCPOPTION,VALIDATION_NEEDED,NETWORK,10.177.13.0/24,DHCP,43,0f:04:0a:b1:6e:0f
DHCPOPTION,VALIDATION_NEEDED,NETWORK,10.177.131.0/24,DHCP,43,0f:04:0a:b1:6e:0f
DHCPOPTION,VALIDATION_NEEDED,NETWORK,10.177.139.0/24,DHCP,43,0f:04:0a:b1:6e:0f
DHCPOPTION,VALIDATION_NEEDED,NETWORK,10.177.140.0/24,DHCP,43,0f:04:0a:b1:6e:0f
DHCPOPTION,VALIDATION_NEEDED,NETWORK,10.177.141.0/24,DHCP,43,0f:04:0a:b1:6e:0f
DHCPOPTION,VALIDATION_NEEDED,NETWORK,10.177.143.0/24,DHCP,43,0f:04:0a:b1:6e:0f
DHCPOPTION,VALIDATION_NEEDED,NETWORK,10.177.130.0/24,DHCP,43,0f:04:0a:b1:6e:0f
DHCPOPTION,VALIDATION_NEEDED,NETWORK,10.154.22.0/28,DHCP,43,f1:04:0a:95:40:fa
DHCPOPTION,VALIDATION_NEEDED,NETWORK,10.230.48.0/26,DHCP,43,f1:04:0a:e6:30:0a
DHCPOPTION,VALIDATION_NEEDED,DHCPRANGE,10.136.164.102/10.136.164.126,DHCP,43,00:f1:04:0a:d0:80:46
DHCPOPTION,VALIDATION_NEEDED,NETWORK,10.141.246.128/27,DHCP,43,f1:04:0a:8d:f6:85
DHCPOPTION,INCOMPATIBLE,NETWORK,10.151.118.0/24,DHCP,43,10.151.118.180
DHCPOPTION,INCOMPATIBLE,NETWORK,10.151.112.0/22,DHCP,43,10.151.118.180
DHCPOPTION,VALIDATION_NEEDED,NETWORK,10.191.250.192/27,DHCP,43,f1:04:0a:d3:18:0f
DHCPOPTION,INCOMPATIBLE,NETWORK,10.136.108.0/26,DHCP,43,0xf10a88602c
DHCPOPTION,VALIDATION_NEEDED,DHCPRANGE,10.136.94.5/10.136.94.62,DHCP,43,00:f1:04:0a:88:40:d5
DHCPOPTION,VALIDATION_NEEDED,NETWORK,10.206.237.0/24,DHCP,43,f1:04:0a:ce:ec:05
DHCPOPTION,VALIDATION_NEEDED,NETWORK,10.132.85.0/24,DHCP,43,00:f1:04:0a:84:55:02
DHCPOPTION,INCOMPATIBLE,NETWORK,10.208.159.0/25,DHCP,43,0xfa040ad01407
DHCPOPTION,INCOMPATIBLE,NETWORK,10.208.159.128/25,DHCP,43,0xfa040ad01407
DHCPOPTION,INCOMPATIBLE,NETWORK,10.136.94.0/26,DHCP,43,0xfa040a8840d5
DHCPOPTION,INCOMPATIBLE,NETWORK,10.151.48.0/22,DHCP,43,0xfa040a976cfb
DHCPOPTION,VALIDATION_NEEDED,NETWORK,10.151.39.0/24,DHCP,43,00:f1:04:0a:97:27:02
DHCPOPTION,VALIDATION_NEEDED,NETWORK,10.234.228.0/23,DHCP,43,61:6c:63:61:74:65:6c:2e:61:34:34:30:30:2e:30:2c
DHCPOPTION,VALIDATION_NEEDED,NETWORK,10.201.88.160/27,DHCP,43,00:f1:04:0a:c9:5a:05
DHCPOPTION,VALIDATION_NEEDED,NETWORK,10.201.88.192/27,DHCP,43,00:f1:04:0a:c9:5a:05
DHCPOPTION,VALIDATION_NEEDED,NETWORK,10.201.90.32/27,DHCP,43,00:f1:04:0a:c9:5a:05
DHCPOPTION,VALIDATION_NEEDED,NETWORK,10.201.90.64/27,DHCP,43,00:f1:04:0a:c9:5a:05
DHCPOPTION,VALIDATION_NEEDED,NETWORK,10.201.90.96/27,DHCP,43,00:f1:04:0a:c9:5a:05
DHCPOPTION,VALIDATION_NEEDED,NETWORK,10.201.90.128/27,DHCP,43,00:f1:04:0a:c9:5a:05
DHCPOPTION,VALIDATION_NEEDED,NETWORK,10.201.90.160/27,DHCP,43,00:f1:04:0a:c9:5a:05
DHCPOPTION,VALIDATION_NEEDED,NETWORK,10.201.90.192/27,DHCP,43,00:f1:04:0a:c9:5a:05
DHCPOPTION,VALIDATION_NEEDED,NETWORK,10.201.90.224/27,DHCP,43,00:f1:04:0a:c9:5a:05
DHCPOPTION,VALIDATION_NEEDED,NETWORK,10.157.63.0/24,DHCP,43,61:6c:63:61:74:65:6c:2e:61:34:34:30:30:2e:30:2c
DHCPOPTION,INCOMPATIBLE,DHCPRANGE,10.202.226.36/10.202.226.46,DHCP,43,0xfa040ac66646
DHCPOPTION,VALIDATION_NEEDED,DHCPRANGE,10.163.25.150/10.163.25.254,DHCP,43,f1:08:0a:da:63:2a
DHCPOPTION,INCOMPATIBLE,DHCPRANGE,10.147.55.135/10.147.55.200,DHCP,43,10.147.55.5
DHCPOPTION,VALIDATION_NEEDED,NETWORK,10.132.215.0/24,DHCP,43,00:f1:04:0a:84:d7:02
DHCPOPTION,VALIDATION_NEEDED,NETWORK,10.161.85.0/24,DHCP,43,f1:04:0a:a1:40:49
DHCPOPTION,VALIDATION_NEEDED,NETWORK,10.129.148.0/24,DHCP,43,f1:08:0a:81:95:14:0a:81:95:17
DHCPOPTION,INCOMPATIBLE,NETWORK,10.206.71.128/26,DHCP,43,0x00f1040ac66646
DHCPOPTION,INCOMPATIBLE,DHCPRANGE,10.151.69.132/10.151.69.190,DHCP,43,0xfa040a9741f0
DHCPOPTION,VALIDATION_NEEDED,DHCPRANGE,10.167.64.70/10.167.64.126,DHCP,43,f1:04:0a:a7:40:73
DHCPOPTION,VALIDATION_NEEDED,NETWORK,10.136.163.64/27,DHCP,43,00:f1:04:0a:88:a3:44
DHCPOPTION,VALIDATION_NEEDED,NETWORK,10.193.203.0/24,DHCP,43,00:f1:04:0a:c1:8b:02
DHCPOPTION,VALIDATION_NEEDED,NETWORK,10.193.204.0/24,DHCP,43,00:f1:04:0a:c1:8b:02
DHCPOPTION,VALIDATION_NEEDED,NETWORK,10.193.172.0/24,DHCP,43,00:f1:04:0a:c1:8b:02
DHCPOPTION,VALIDATION_NEEDED,NETWORK,10.193.171.0/24,DHCP,43,00:f1:04:0a:c1:8b:02
DHCPOPTION,VALIDATION_NEEDED,NETWORK,10.206.44.144/28,DHCP,43,f1:04:0a:ce:2c:82
DHCPOPTION,VALIDATION_NEEDED,NETWORK,10.207.19.16/29,DHCP,43,f1:04:0a:c6:66:46
DHCPOPTION,INCOMPATIBLE,NETWORK,10.208.20.96/27,DHCP,43,0xfa040ad01405
DHCPOPTION,VALIDATION_NEEDED,NETWORK,10.166.4.0/24,DHCP,43,f1:08:0a:a6:04:0a
DHCPOPTION,VALIDATION_NEEDED,NETWORK,10.232.22.128/25,DHCP,43,0f:04:0a:b1:6e:0f
DHCPOPTION,VALIDATION_NEEDED,NETWORK,10.154.39.0/24,DHCP,43,00:f1:04:0a:9a:18:f2
DHCPOPTION,INCOMPATIBLE,NETWORK,10.136.195.24/29,DHCP,43,10.198.102.70
DHCPOPTION,VALIDATION_NEEDED,DHCPRANGE,10.132.209.5/10.132.209.126,DHCP,43,00:f1:04:0a:84:d1:02
DHCPOPTION,INCOMPATIBLE,NETWORK,10.147.31.128/25,DHCP,43,0xfa0400a931f03
DHCPOPTION,VALIDATION_NEEDED,NETWORK,10.151.55.0/27,DHCP,43,00:f1:04:0a:97:6c:fb
DHCPOPTION,VALIDATION_NEEDED,NETWORK,10.160.71.0/24,DHCP,43,f1:08:0a:a0:40:5a
DHCPOPTION,VALIDATION_NEEDED,NETWORK,10.194.224.32/27,DHCP,43,00:f1:04:0a:c2:e0:3d
DHCPOPTION,VALIDATION_NEEDED,NETWORK,10.194.224.64/27,DHCP,43,00:f1:04:0a:c2:e0:3d
DHCPOPTION,VALIDATION_NEEDED,NETWORK,10.194.224.96/27,DHCP,43,00:f1:04:0a:c2:e0:3d
DHCPOPTION,VALIDATION_NEEDED,NETWORK,10.132.36.0/24,DHCP,43,00:f1:04:0a:84:00:64
DHCPOPTION,VALIDATION_NEEDED,DHCPRANGE,10.161.95.20/10.161.95.126,DHCP,43,f1:04:0a:a1:1c:c7
DHCPOPTION,INCOMPATIBLE,DHCPRANGE,10.142.196.5/10.142.196.240,DHCP,43,0xfa040a8ec024
DHCPOPTION,VALIDATION_NEEDED,NETWORK,10.139.1.0/24,DHCP,43,f1:04:0a:8b:00:23
DHCPOPTION,VALIDATION_NEEDED,DHCPRANGE,10.195.125.68/10.195.125.94,DHCP,43,00:f1:04:0a:c3:7c:06
DHCPOPTION,VALIDATION_NEEDED,NETWORK,10.140.54.0/23,DHCP,43,00:f1:04:8b:9e:a1:d2
DHCPOPTION,VALIDATION_NEEDED,NETWORK,10.132.45.0/26,DHCP,43,00:f1:04:0a:84:2d:02
DHCPOPTION,INCOMPATIBLE,DHCPRANGE,10.201.28.20/10.201.28.254,DHCP,43,0xfa040ac91b03
DHCPOPTION,VALIDATION_NEEDED,NETWORK,10.137.164.32/27,DHCP,43,f1:04:0a:89:a4:42
DHCPOPTION,VALIDATION_NEEDED,NETWORK,10.137.164.64/26,DHCP,43,f1:04:0a:89:a4:42
DHCPOPTION,INCOMPATIBLE,DHCPRANGE,10.136.39.100/10.136.39.254,DHCP,43,0xfa040a88270b
DHCPOPTION,INCOMPATIBLE,DHCPRANGE,10.136.160.10/10.136.160.126,DHCP,43,0xfa040a88270b
DHCPOPTION,INCOMPATIBLE,DHCPRANGE,10.136.160.130/10.136.160.250,DHCP,43,0xfa040a88270b
DHCPOPTION,INCOMPATIBLE,NETWORK,10.136.160.0/25,DHCP,43,0xfa040a88270b
DHCPOPTION,VALIDATION_NEEDED,NETWORK,10.132.179.0/25,DHCP,43,00:f1:04:0a:84:b3:02
DHCPOPTION,VALIDATION_NEEDED,NETWORK,10.141.55.0/27,DHCP,43,f1:04:0a:c6:66:46
DHCPOPTION,VALIDATION_NEEDED,NETWORK,10.136.164.160/27,DHCP,43,f1:04:0a:88:a4:05
DHCPOPTION,VALIDATION_NEEDED,NETWORK,10.151.69.128/26,DHCP,43,f1:04:0a:97:41:f0
DHCPOPTION,VALIDATION_NEEDED,NETWORK,10.177.36.32/27,DHCP,43,0f:04:0a:b1:28:05
DHCPOPTION,VALIDATION_NEEDED,NETWORK,10.234.86.128/26,DHCP,43,f1:04:0a:ea:5b:8a
DHCPOPTION,VALIDATION_NEEDED,NETWORK,10.234.176.128/25,DHCP,43,f1:04:0a:ea:b6:ca
DHCPOPTION,VALIDATION_NEEDED,NETWORK,10.140.48.32/27,DHCP,43,f1:04:0a:8c:30:42
DHCPOPTION,VALIDATION_NEEDED,NETWORK,10.149.163.128/27,DHCP,43,f1:04:0a:95:40:fa
